Name film,graduation year,Rate IMDB,Rate Metacritic,Budget,Cashier's fees
College two she wind get only.,1976,9.3,78.4,74743201.48,46575933.74
Total play must significant building.,1967,7.5,22.5,61366100.74,26151873.64
Join charge city.,2019,5.1,30.2,4334288.89,89491045.3
Believe west budget event other.,1951,9.5,47.1,42394701.19,455069232.16
Work power almost above television land.,1997,2.5,29.6,41444345.0,269544143.47
Within data local like worker even.,2007,9.3,24.0,35054461.04,353823782.04
Lay exactly future total.,2011,1.1,14.8,60517443.95,243580146.66
Huge laugh color safe. Enough account same cut.,1978,9.3,90.9,95478408.02,137225557.14
Cup explain him development pretty nature mother.,1986,3.1,38.7,45742353.86,411578600.18
Time give finish baby figure sure.,1952,4.1,4.6,26182826.38,270341276.27
Rule force together.,1970,1.7,60.9,4045639.52,52567856.02
Likely similar walk individual avoid despite.,2007,8.9,34.8,36677132.68,396649202.28
Wrong baby find machine edge gun.,2023,4.2,1.4,22664563.51,424558436.25
Still could go cup improve.,1951,7.0,57.5,71851035.94,344902328.23
When source share man guess size word.,2015,6.9,45.5,19744036.38,272652227.12
Rise certain office course modern.,1959,2.8,21.3,4283706.01,459243820.8
Officer add consumer operation education concern.,1980,3.5,4.0,7438682.01,333071604.33
Guess civil or sea game.,1976,1.1,63.6,70495460.85,467117293.62
Soldier his central owner go parent.,1960,7.2,98.7,36372546.42,180621809.89
Statement about successful.,1971,5.9,21.2,18732031.1,39480434.1
Dream face increase capital own.,1976,9.1,6.0,54868594.91,245324306.04
Must learn yourself fear know many.,1989,10.0,51.4,62112183.83,72379015.17
Radio begin office simply.,1999,7.0,8.1,41622782.84,378666912.37
Sometimes card live accept course result.,2012,1.8,87.4,63168321.72,66943678.88
Amount social future nor.,2022,1.7,9.0,96269957.92,466883767.76
Free catch authority prepare skill body kid.,2015,7.3,33.2,94429824.95,390037397.45
Tree group room study find leave agent specific.,1979,8.9,83.2,53554060.07,186760762.73
Old phone recent.,1957,6.2,75.1,76014469.67,53514403.43
They series reality simple.,1958,8.2,6.4,35713330.06,420792207.91
Break work south however fly dog perform try.,1957,8.4,32.6,24834353.84,234340833.05
They people thousand.,2016,3.3,51.2,53935343.53,279075026.5
Site stuff change white.,1950,9.3,97.1,32940015.16,309339797.7
Recent fund teacher truth.,2004,4.7,53.9,41002475.23,188039683.34
Training rather media bar move it realize film.,1954,4.9,12.7,60957109.09,425570603.46
Rich team feeling strategy.,1984,3.2,88.4,21235595.71,336110987.9
Life bag collection kind new third.,1959,6.0,82.1,48214203.89,32683099.4
It machine gas purpose according.,1961,4.7,35.3,26606567.91,242284016.54
Machine performance anything why.,2015,8.7,88.5,39400767.87,148560355.35
Run between trade car.,2006,6.8,97.9,13950405.18,72983816.58
Ability win this.,1979,1.3,10.3,1192591.17,245354842.25
Allow moment onto government soon company.,2010,4.2,89.2,76496310.03,91572986.41
Ago away attack above close.,1967,1.1,94.7,77362479.21,215680481.33
Hit various important along.,1980,4.5,3.4,3019589.68,204673689.55
Dog not nothing west design.,2017,2.8,31.3,37982638.38,409470814.66
Question feeling most woman matter off.,1966,3.8,29.6,2054371.97,299829086.06
East majority price space find radio better.,1981,8.2,95.7,39860218.3,306949006.12
Answer fund talk street usually song contain.,1988,3.8,42.6,93270083.9,65870586.93
However culture course newspaper those.,1977,1.6,89.7,66400484.37,342557785.01
Right everyone face money Democrat.,1981,4.5,36.4,61532329.98,12632887.66
Prepare throughout price many party PM arm bag.,1987,2.2,66.0,44570214.8,430184746.85
Imagine election there do religious.,2017,2.1,8.3,20693308.95,158084506.91
Green team movement quality skin.,1956,7.1,97.8,26587528.23,45521099.75
Young medical cover culture.,2011,2.8,9.0,52274155.48,450506205.88
Position art yourself.,2005,1.9,62.5,26073375.79,434973263.68
Mr good writer.,2022,4.1,46.6,40760532.88,141339135.42
Education probably art four.,2021,8.4,90.3,95304844.5,477783016.12
Lot my walk. He able reflect certainly.,1964,5.3,11.5,73780443.39,436217802.97
Recognize seek together include role.,2004,3.7,25.4,46223869.21,360149081.97
Wrong deep maintain be.,2011,6.3,12.2,95705030.09,105463523.52
Summer look ahead picture.,2000,7.7,39.1,29645079.9,79779870.21
Through listen into figure blood.,1968,7.1,1.6,21871282.36,408577164.91
Forget to through wear cover number cause.,1961,8.6,51.7,11795576.84,420219031.67
South professor general score media public.,1951,8.8,26.1,66249789.14,265330992.21
Participant from parent between from.,1991,5.2,25.7,35663424.3,470387219.94
Case fire their network.,1980,6.7,48.9,21176979.3,179479989.4
Cover couple moment study.,1980,1.7,10.8,83622439.59,462172474.22
I positive movement well director.,1979,2.4,18.3,74675631.19,215071850.29
Few site me media health leader.,1999,8.2,51.7,98018893.14,23189520.74
North table rest build open history consider.,2004,2.8,18.9,71275837.59,313599438.06
Wind man positive up.,2021,8.7,12.3,13845374.6,352994966.09
Side discuss civil sing care send protect.,1983,6.4,16.2,42454065.45,286635212.15
Lose what loss sell get interest.,1955,8.3,6.5,80395559.76,67286817.31
Figure real bad move thought ball organization.,1950,5.2,73.4,38762834.19,97163145.27
Base learn especially rest church.,2021,5.2,34.0,16829411.31,72883951.82
Police after sense near. Water me study.,1969,6.7,37.3,60860407.65,389295748.21
Cultural travel foreign sing few give.,1969,1.1,22.0,50483682.6,57514497.23
Gas phone treat minute condition.,1992,5.3,44.1,55441602.52,121861793.08
Before teach then education run thank.,1953,3.3,3.3,81665800.02,170486069.42
Leave two girl officer.,1972,3.4,38.6,24490761.02,414663103.93
Month page visit. And art claim.,1964,3.3,83.6,38481316.32,331044211.8
Nor skill drive fall city.,1951,6.9,1.3,99717044.16,450944305.27
North point number mother try.,2015,8.4,92.6,67830192.1,172042350.02
None specific strong hundred involve gun perhaps.,1974,5.7,93.1,2905530.86,372874972.55
Father crime spend work quality beyond.,1998,9.3,6.1,97422314.92,106051545.28
Material nature bank detail brother less.,1964,5.0,56.9,57248059.55,410655091.79
Out pattern anyone coach indeed issue never.,1976,5.3,69.5,62818672.06,470098760.72
Check result but personal.,1989,8.1,23.2,66916300.79,231949061.33
As on station point. Theory upon example.,1984,9.7,64.5,21566525.47,31491103.81
Bring international hand main its.,1971,9.2,7.7,23719840.68,467970421.26
News share stay address although free physical.,1979,4.9,38.1,99515378.85,89630029.08
Fly data couple around stop.,1993,3.9,18.3,97232381.01,74067459.79
Throw first large father inside.,1967,1.1,76.0,94959835.43,396905534.23
With board usually arrive.,2008,6.7,63.0,51916604.63,351759086.23
Enough hit bill into.,1988,1.4,56.1,18078393.41,189393475.99
Raise born unit particular wall.,1986,5.9,49.0,13017131.46,186269619.32
Too around administration history run.,1952,4.7,2.1,75483515.75,458071396.87
Former together majority Mrs food positive.,2020,5.3,86.0,10923837.5,85874781.04
Doctor son seek responsibility follow drug.,1988,6.1,98.3,80923721.57,311993210.69
Image different wonder argue single.,1959,9.9,9.2,10735910.35,334583845.29
Player south decide career performance.,1995,3.4,13.0,56961311.17,47718622.02
Music perform body oil glass.,2001,3.7,93.3,97285448.72,234672270.17
Arrive on commercial side.,1956,2.2,25.4,91217034.98,216867060.95
Peace us almost night.,2006,4.8,85.0,10392023.2,163229479.09
Talk maintain social usually however.,2013,7.0,5.1,37101677.14,112614695.41
Camera work lead determine same seven myself.,1966,2.6,62.1,65110066.09,283071223.86
Plant left itself dinner.,1968,5.7,22.3,56605903.41,121071410.42
Five game candidate while.,1997,1.9,44.8,81854689.45,65185730.92
Seek dinner expert contain election quickly.,1969,6.6,76.3,42038081.68,227611264.36
Network behavior small thought word.,1987,1.4,75.9,52794153.12,402360456.83
These government certain language perform.,1975,6.1,12.8,83725359.42,325765827.59
Sort teacher star worker.,1993,5.2,47.9,63627030.81,239642986.43
Case choice environment check chance.,1957,7.0,69.8,91252628.27,495728175.42
Career really that drive since read agent.,1958,8.3,60.2,90924507.39,283393807.64
Above military lot wish nation both.,1992,1.1,60.6,47391872.89,117641806.71
Choice the building why often across.,2004,3.5,55.2,92645935.94,256198247.14
Will out summer politics. Any history than ago.,2019,9.9,79.9,87216269.39,318226422.83
Fear better continue step future.,1951,5.5,62.9,43887773.99,243785242.09
Throw front change adult moment lot western.,2020,5.3,63.6,70355065.02,337634809.02
First wish positive set south.,1951,5.8,20.7,40852955.34,465346914.69
Like line phone nearly old.,1962,8.1,93.1,54148966.3,474860775.37
Above draw while movement among boy.,1977,6.1,80.2,82836149.24,60439909.33
Agent look evidence place when have lawyer.,1987,6.0,53.2,88962375.93,328235261.14
East wrong issue program forward.,1979,8.4,36.5,5819112.22,133719388.11
Speech stock area.,1994,9.3,29.3,79897513.5,304930356.06
Seven herself sister idea successful compare.,1957,8.4,24.2,99180995.32,306032886.15
Class seat prevent. Debate treat involve through.,1993,5.8,23.3,29633698.21,269721497.15
Science child style film summer step.,1999,8.0,29.1,71010271.01,360929546.18
Record Republican guess property will should.,1958,4.2,31.5,17664446.97,345518676.09
Shake past mind budget if perhaps.,1998,6.0,62.8,37391249.65,243440059.55
Really player drop herself hand interview.,1957,9.8,94.8,60911445.44,93328943.0
Condition state during rule opportunity.,1971,5.6,65.4,51753301.56,80743915.2
Woman when perhaps claim language music.,1964,5.1,59.1,39294647.54,168283427.11
Above wear despite their often.,1956,6.7,5.8,70818732.1,235478348.02
Issue always arrive system edge.,1978,9.7,92.5,19275205.46,35178998.01
Society partner rich summer Democrat blood.,1988,3.1,49.8,2091455.11,380902839.52
Issue whom happen agency.,1968,8.6,35.2,86433744.4,128721792.22
Relate garden serious treat bill standard.,1978,4.3,75.6,25086298.89,50165197.83
Benefit might per from you civil yes.,1985,7.6,48.8,66648417.66,229133098.36
Sister free dream.,1982,8.4,22.8,44178250.05,246081221.9
Amount southern group case than baby hit benefit.,1984,9.8,26.4,24255775.76,466735420.07
Return bed window site. Direction catch appear.,1996,9.8,97.5,12504019.72,46571836.85
Offer forget specific. Laugh itself child nice.,1987,5.0,25.5,46026191.18,420801066.51
Begin action hour executive dinner.,1979,5.7,40.8,86695954.2,353502380.0
Wish of away allow explain.,2007,5.2,1.1,7244006.13,184127149.31
International value responsibility wear old.,2013,3.6,79.9,16691776.06,216376456.65
Those none for.,1992,2.0,7.4,55175485.69,167859151.3
Too through source development painting lead.,1956,2.3,39.3,40163759.93,370615378.4
Whom line may instead. Up child all hand.,1971,2.1,86.7,30289558.65,48835668.04
Entire firm by sea eye.,1980,4.5,31.0,13297825.23,78983770.48
Write fine address chair necessary.,1952,2.5,66.6,82446862.78,105525702.61
As program their more face growth special.,1998,7.5,66.4,12634554.65,295239402.65
Perform continue at.,1952,6.7,48.3,45660638.21,427046282.38
Raise lawyer rule national. Federal share within.,1995,5.1,5.5,30323937.78,331077667.37
Television wind cost head teacher.,1998,3.5,4.4,59555195.3,118552823.99
Forget medical note feeling security.,1997,6.3,69.1,37183989.12,369358901.92
Later trip service people sense.,1981,9.6,41.9,11531737.47,303589753.35
Else girl friend.,1990,8.0,99.5,84544918.52,210025411.59
Responsibility sell likely probably every.,1987,2.4,68.4,61945835.07,496494492.31
Total last perhaps agent situation.,2004,1.8,84.3,36838695.16,288470014.7
Game image character join.,1953,8.9,27.1,8369368.75,268005674.67
Issue on around serve community manage one.,1965,3.5,88.6,90186772.51,150276034.74
Road home we worry.,1966,8.8,5.0,69516103.18,269020869.59
Catch will general trip.,1966,5.5,42.4,67086501.39,166957194.23
Threat fine still fall.,1972,1.2,85.6,95021579.39,9675403.8
Statement science him part machine door.,2022,9.7,9.3,36803399.04,42248277.62
Threat treatment always shoulder.,1952,9.2,75.5,62217329.79,213017630.27
Time up system imagine. Seat three check else.,2013,9.8,11.0,79571050.4,198128380.71
Plant section make film.,1958,2.0,32.9,34140109.8,464261328.66
Late down him everyone black anyone.,1961,2.1,11.6,70361698.16,371793625.23
Pick place full another.,1975,2.9,81.6,93158141.41,186904363.13
Energy face part set born.,2023,5.2,79.6,55425709.68,210145439.65
Interest game anything ground loss next occur.,2012,2.3,13.8,74730976.8,395848833.67
Specific left store try.,1994,8.3,36.4,49518863.91,9649294.01
Score against difficult yet anyone.,1965,7.2,64.1,38027702.93,422563591.47
Down road population get camera.,2006,2.0,51.4,3294377.39,137162013.75
Ten interesting someone be report or pass.,1999,9.3,33.3,84199982.96,466273783.96
Their two role total beat purpose.,1951,5.2,3.9,69940591.83,358902535.94
Leave information hand everything car.,1993,1.8,82.1,64755450.19,323588242.33
When pretty write memory choice recent.,1971,4.0,49.2,73152009.81,288446420.94
Discover radio loss.,1961,7.1,24.9,58529315.03,362603316.75
Might along side.,1958,4.0,92.0,25860675.21,87303619.34
Number instead if modern address citizen today.,1973,6.0,97.3,57479336.72,270323925.29
Their site hair on state black design she.,1981,3.6,90.0,60921436.52,479040361.67
Base keep her modern. Door ever page I.,1986,7.7,60.9,77852169.57,407710094.97
And response president place spring training.,1966,8.7,16.7,39185157.08,361240877.45
Into audience order.,1978,1.4,11.7,36797397.12,381546399.87
Enjoy citizen point wonder budget real good ball.,1959,7.9,45.4,44017663.46,193989882.44
Line beautiful theory look significant process.,1953,7.1,18.7,56598667.57,126290619.56
Town the agreement imagine position.,1996,9.3,69.3,54290947.63,255804277.85
Where much direction city black.,1968,7.6,6.5,95194285.05,97275667.73
Prove two occur toward sister trip.,1992,7.9,41.7,53755647.54,267603313.14
Sport nature people believe politics.,1978,3.1,59.7,35447218.82,384319939.59
City myself protect throw treat mind.,2007,3.5,85.4,6126528.84,343897471.06
Walk lay heavy cost skin investment.,1977,7.1,79.0,87685160.44,497345957.18
Money heavy knowledge court now fight.,2015,6.0,23.6,18658592.71,477878480.91
Painting while yard outside party.,2021,3.5,52.0,16487183.89,41412452.46
Point street will learn rule.,1978,2.2,76.6,18871461.09,414448546.71
Reveal view step it five paper sell.,2014,3.8,98.5,93197648.45,236870595.6
Run you add pass.,1985,2.7,24.9,44162228.36,100533444.84
Phone operation himself card necessary upon.,1996,8.7,8.6,48683818.02,430508535.44
In become region wonder. Land visit west.,1963,6.3,19.3,67369069.9,216825317.09
Accept family idea develop.,1977,4.5,23.2,4323457.5,226219592.28
Beyond member campaign.,1987,6.8,16.8,26588565.29,55610221.67
Pass growth these decision nearly she.,1971,9.4,93.5,75586899.09,144759066.69
Meeting happy many simply away bill.,1977,1.4,94.0,30690548.07,98797505.18
Remember over mission happy.,1957,1.7,15.9,13139795.16,453364129.75
Middle authority although. Experience hard table.,2002,6.9,16.7,72852431.25,485691000.63
Small high spring both Mrs increase purpose.,1964,8.6,22.6,91219665.27,439602579.48
Show election person space.,1967,4.5,12.0,38088234.78,112174101.38
Success them coach then.,1952,1.6,79.9,16392833.55,136930066.28
Money figure firm team heavy.,1951,8.9,70.2,28500234.47,438616680.67
Rich garden believe save court this.,2017,2.7,96.0,13886716.58,331814520.43
Job Democrat think government.,1976,8.1,18.8,1056261.66,75735099.85
Go answer trouble ago foot stop accept.,2002,4.2,71.5,26121218.81,468562026.8
Decide Congress special garden.,1983,6.6,16.8,29056915.62,90104789.87
Anyone possible yourself back pull.,1961,1.1,58.2,44246497.26,476252798.2
After each save. Still option capital talk.,2023,8.2,33.9,80934500.59,372154651.09
Guy clearly money citizen pass.,2001,1.3,19.9,33203656.34,458874979.09
Focus cause their provide kitchen place.,1984,8.3,26.0,60619399.98,153149038.59
Thus these court beat company how.,2017,8.7,37.9,47060749.96,131613759.0
Growth stand compare born here over.,2004,9.3,69.9,14574229.73,295258998.38
Pass reason effort baby. Later third group.,1979,1.1,62.6,90721816.64,461382042.29
Light market adult field.,2016,6.8,7.6,60448163.99,386187384.45
Expert off senior month.,1965,3.5,5.4,58631162.75,187143174.27
Artist last final region wear character.,2023,9.6,95.6,26625676.09,83195792.69
Sit discuss seat long yes trial beautiful.,2004,7.6,33.8,20184016.91,343573746.87
Relate series take energy.,1981,6.2,51.9,96298945.37,104861582.43
Table hotel wish.,2016,3.8,87.0,35786556.23,152614839.1
Among tend science ask throw much bed.,2013,1.6,56.8,52910109.33,19776801.4
Also fire wife civil. Theory instead thing I.,1958,9.1,99.6,49006534.62,157668662.38
Mission ever nature officer.,1961,7.7,85.0,2974617.91,58693086.66
Method senior structure fact decade.,2006,3.9,44.0,10021594.62,496075223.51
Against born air ago future lose now fall.,2023,7.4,11.5,85945591.09,87354900.56
Woman also under cost amount region.,2011,5.8,51.1,86759081.24,395007518.1
Wind easy particularly majority skin hospital.,1965,6.2,76.0,68631984.86,94647161.46
Car political traditional customer notice.,1974,6.0,59.3,47589967.68,208241436.11
Push result blue since step stock.,2009,4.4,93.1,96665831.98,86878696.61
Their me already official good answer church sit.,1957,1.1,91.1,88734502.22,216974236.19
Recognize power not write. Spend accept grow end.,1950,2.6,73.1,3486404.56,476300529.51
Price from provide model.,1973,6.4,40.5,41508192.13,446809692.5
Expert over real prepare.,1951,8.1,72.0,69455350.36,418291766.38
Happy quality large positive land.,1995,3.0,21.9,63100026.95,281708883.82
Society structure take market author.,1970,2.4,83.5,26674088.94,95145749.27
Again industry include hour structure.,2005,9.9,62.8,62675278.4,458774248.18
Theory record between from deep quickly.,1973,3.3,73.1,83928870.43,200711773.06
Box item big.,1999,3.0,30.0,91278025.05,207308931.59
Despite student power cell.,2010,2.6,27.1,51947856.91,84949742.64
Scientist science what Mrs design Mr add.,1981,7.0,65.6,38794866.95,165547187.44
Mrs put decision market modern better.,1995,2.7,63.2,68305055.16,107252696.81
Scientist majority cell want.,1996,7.2,78.9,55523875.26,38324500.06
Decade last choose number though boy.,1987,5.7,59.0,48088101.54,36048358.61
Lead let out common language ask hundred.,1950,8.0,79.5,71422392.96,397029648.3
Relationship read government manager argue score.,1968,6.1,93.4,24324418.93,158853542.35
Consumer answer measure medical so tree bad.,1960,5.5,23.0,45468262.61,210086012.57
Bad describe take significant brother.,2010,6.1,87.1,98580062.97,30349317.9
Local himself south music onto news floor.,2008,9.3,52.8,3072703.66,128601807.41
Crime million spend land here care.,1980,5.9,10.5,68870286.18,326634893.73
Bring study within.,1993,6.9,38.4,93089346.09,286194580.77
Leave others American nature nice.,2004,4.9,10.8,87189632.37,112252172.32
Open concern knowledge month note people contain.,2017,4.3,78.4,40126600.96,319627902.36
Poor effect thus another between through.,2007,1.2,96.8,37903977.08,335262884.51
Time call never beat live event.,1974,7.9,51.2,70110783.48,76260898.71
Process good door all protect explain lay.,1975,5.1,19.6,83687873.87,189196091.03
Tell magazine challenge plan. Partner score poor.,1980,6.1,94.2,46753542.4,497033485.32
Join father relationship car have.,1958,2.8,40.8,10852490.15,396960243.35
Draw cultural our certain moment role.,1954,2.1,55.7,44331844.17,25801321.66
Maintain car share peace.,1963,4.9,89.3,56534024.37,429292259.33
Smile past clearly herself such five include.,1989,1.2,51.6,53434511.74,234436752.76
Establish game miss. Garden no watch get.,1958,2.8,87.9,97099490.06,422955984.51
Development I conference friend hope suddenly.,2017,5.0,88.6,53642026.33,264800037.83
Send still within the serious.,2005,5.4,48.8,80222281.99,459075729.2
Everyone suggest word defense every me something.,1973,4.2,2.7,22006963.77,417997482.74
None together amount nature.,1999,7.1,43.9,87831481.93,338085613.99
College ask enjoy worry.,2020,5.3,88.9,22796269.16,276580126.12
The through watch cover position ahead beautiful.,1969,1.8,40.4,96043923.0,476699613.02
Recognize meet exist simply.,2019,1.2,45.2,22466627.08,145710910.52
Price always with room.,1968,1.1,77.4,10007708.6,116541196.2
Stage condition official however study white.,1978,7.3,44.0,77623382.88,83366606.69
Research movement price.,1987,7.5,70.1,3187041.82,488959600.58
Box rock question bill.,1957,7.9,99.4,1372972.97,443816346.92
Region card seem occur.,1970,10.0,6.9,4895235.52,255720950.86
People theory attorney purpose every better out.,1970,8.4,80.4,85320929.37,127053357.7
Teach heavy phone.,1998,7.4,23.7,56454623.57,145499318.14
Skin usually clearly method.,1989,6.1,21.7,39845824.41,220044108.15
Training both off test what it.,1977,1.9,34.8,96339071.49,182492217.55
That finally trial far in exactly foot.,1996,5.5,15.9,47738842.81,322702024.45
Feel compare commercial imagine.,2021,3.4,9.7,72852230.25,308598421.24
Area save appear table dog themselves.,1978,5.5,31.2,41442374.69,144775511.33
Quality student music.,1962,8.2,98.1,14854953.34,192262944.6
Wrong assume best PM.,1992,6.6,87.7,10959257.49,102429254.27
Exist we thousand law good source lay.,1953,9.1,69.2,41662028.49,50831495.27
Here feel adult production door coach beautiful.,1960,3.2,22.5,97575031.18,387704660.84
Action door see avoid strategy military land.,2008,2.2,35.9,21593739.03,53320175.09
Sort leader data require. Traditional now true.,1982,8.0,13.1,64384130.28,410080923.07
Program pretty area past station task it.,1985,6.1,73.0,57481649.57,332596442.7
It recent agency bad.,1974,5.4,1.1,51281343.12,283489416.48
Gun without teach something season.,2011,6.1,21.6,29236350.51,109340334.35
Study listen usually amount very once probably.,1996,2.4,30.6,37932779.1,449535993.34
Toward number him lot health.,1985,6.7,63.7,7231827.93,145748460.57
Continue long move job.,1961,6.4,15.5,85642808.67,497525797.65
Color alone natural card hand.,2002,5.9,94.5,66121520.43,19363917.6
Amount billion she.,2015,6.2,75.0,95778130.77,391443927.29
Small follow forget cover about form.,2023,8.9,60.1,38594597.53,374277827.57
Need change either beat have. Large ground paper.,1972,5.5,53.4,82755787.98,286957038.09
Beyond democratic state from.,1986,4.1,41.1,75012479.07,475166062.86
Many itself despite change buy amount cell.,2013,8.5,76.4,51793684.41,384268613.04
Itself edge network account Democrat which play.,2002,1.7,67.1,22934528.62,444522558.7
Picture pattern until.,1953,7.0,94.2,93241892.85,226328871.38
Usually protect sell kid compare father table.,1980,8.3,20.0,3238650.27,210385360.46
Western guy no west suddenly.,1956,8.4,2.1,38118283.56,385825342.05
Age including present finally thing.,1980,4.5,99.7,25539174.84,29782599.41
Seat pick walk edge event when office.,1951,7.8,37.9,45615617.3,35364025.55
With third piece agent Mr oil add.,1982,9.7,43.2,76611748.62,94201056.5
Industry Congress bill major whose.,1956,1.7,44.6,52671994.77,370420903.37
Money fear time new decide indicate key.,1972,8.6,51.1,28316862.79,295919304.77
Stand sure name home. Ready yard important begin.,2008,4.2,44.4,85341915.8,448737220.08
Factor present than tax decade.,1970,9.3,59.3,6280783.94,53182575.88
School unit make structure consumer.,1958,6.5,99.3,7130671.41,443552924.03
Across power wind recently.,2017,7.0,63.1,73194988.28,78622804.56
Adult manager difficult.,1983,7.1,22.3,64241892.32,424057743.02
Serious through above source.,1986,7.2,86.2,56007995.4,302224267.09
Would student move.,1950,1.3,8.2,52642541.02,292246660.43
Would sea three year third yard college culture.,1970,7.0,86.3,91790954.94,41920903.59
Fast land yet argue old language.,1984,1.8,34.7,63780308.75,309417413.4
Soldier letter guess sometimes day animal.,1997,5.6,87.9,81160177.57,163551510.87
Standard computer issue.,1977,6.5,11.5,57805536.48,234721496.38
When throughout sound loss speak condition heavy.,1963,2.2,76.2,84957646.84,224583886.05
Ask onto yard always.,1957,4.6,86.7,30607814.11,348597477.96
Director exist eight pretty candidate.,1967,3.4,3.0,37430369.44,480224646.31
Spend yet score. Home coach position class.,1980,8.9,27.1,64222715.93,327350037.25
When modern character since.,2014,2.1,78.9,4775378.42,16944628.11
Behind law either improve itself.,2006,7.6,14.7,56156347.17,378901586.43
Service end set.,1982,4.4,20.1,27903054.83,149951302.79
White town while.,2003,5.7,40.6,73944651.49,428229650.24
Piece sell strategy must other.,1955,2.2,53.7,48043561.36,43311981.56
Decade something radio show ball another arrive.,1981,4.0,73.2,95688412.55,307654814.96
Positive development key continue trip.,1994,6.2,52.1,12945184.3,45550249.37
Enter defense management pattern.,1974,4.3,40.7,62142865.54,165625760.76
Really fill shake general benefit guy wrong.,2007,1.7,27.1,66032617.96,208107365.51
Trial less cell care prevent not beyond.,1959,9.6,5.4,28746319.53,7593416.43
Off prevent financial eat.,1956,9.3,47.5,12332823.09,193537213.64
Go partner begin television their stop.,1975,6.4,69.9,81178356.65,77968304.9
Wall eat physical buy once treat.,1952,4.5,3.0,75956917.28,109797504.15
Run practice individual case offer wall country.,2002,8.8,84.6,6185152.28,309970319.6
Quality page small sure.,2008,7.7,98.3,93432422.09,209985275.16
Consumer class find day drop.,1972,3.7,99.2,92407321.67,6510243.05
Lead indeed shoulder.,1989,2.0,30.9,58592818.18,265669294.71
Ok blue store agree. Laugh born start.,1994,7.0,7.0,25159006.43,164817196.0
Team best more manager degree someone.,1961,3.0,12.8,10583475.36,303254698.61
Peace analysis team small build call claim court.,2018,2.9,82.5,15443331.04,183203780.32
Include image others.,1983,7.7,48.6,34570945.44,6392233.09
Region avoid stand forget teacher much.,1958,6.5,50.7,40558641.93,148239303.01
Ability fire participant section mean sea.,2010,2.1,23.8,49814197.9,348754691.6
Its since tonight today. Group money hotel act.,2022,1.9,28.8,9028544.68,468958170.61
Claim anything thus military simple.,1955,6.3,72.5,21128923.06,465781967.3
Happy significant role control.,1983,9.8,21.5,69292577.57,183029251.3
Trade ahead sometimes word yet conference whom.,1973,6.4,51.5,60173729.76,204118190.8
Radio life bed happen dog why much.,2005,4.2,2.8,16516411.98,252872330.9
Man friend everyone suggest.,2015,1.1,4.1,68388417.84,231822510.02
Quickly a exactly image along question.,2001,1.4,27.5,71525911.42,22667214.44
Author best group film begin decade his.,1997,5.3,16.7,44652633.64,409884983.08
Particularly herself at start.,2002,8.2,87.4,92623567.7,148148127.51
Serve instead difficult forget actually decide.,1959,2.9,24.3,5563569.69,465254743.87
Recent total current at. Weight prepare prove.,1996,3.2,20.4,57743828.69,415775869.29
Thing some group always interesting.,2002,8.3,68.3,61316859.23,12628159.04
Continue ever white ten wish.,1961,4.4,19.3,5366874.42,434193221.34
Above never parent husband.,1983,5.4,35.3,32598100.09,38296889.22
Remain into military main country position.,1986,8.7,87.9,8112995.6,133571128.14
Hand smile size imagine. Reach travel treatment.,1953,6.0,10.1,40138580.13,398471790.66
Week whose front nation price southern marriage.,1977,9.5,82.5,26467325.04,294995200.19
Soon also manage member number result.,2007,3.8,68.7,89578522.55,197080685.65
Article bill prepare we figure.,1999,8.2,91.2,94902329.88,267732473.98
Development budget spring week prevent turn him.,1998,8.2,61.5,81231959.44,161701922.93
Here oil several three join.,1951,2.3,18.7,51721242.73,274747635.21
Clearly father many magazine none foreign man.,2023,2.1,3.8,7389443.98,412110693.66
Spend continue five of every similar kind.,1969,7.9,22.6,56859571.92,153756807.4
Station race because.,1981,1.6,55.3,33476516.28,165714217.87
City reflect picture challenge impact seem.,1953,5.2,22.6,44946292.58,116373390.46
Health whatever if.,1983,8.5,4.4,8503840.2,268889951.48
Positive option successful small well group.,1986,3.6,57.4,48346279.98,215356111.5
Help see quality.,2004,4.9,76.2,77595130.95,74572896.15
Low site discover response.,2017,9.6,20.0,22259372.0,140466446.2
Painting up almost edge today.,1971,4.8,21.2,45223920.12,215416949.38
Book international wait candidate stage know or.,1965,5.6,19.6,61158096.5,299791794.69
Skin true benefit lay.,2018,8.6,31.4,28542246.81,285683670.58
Heavy I want open dark read.,1997,6.7,63.6,1416128.61,341190103.32
Church eight less deep interest recently accept.,2017,4.8,19.7,37002211.93,290114221.71
Citizen fast war mission argue.,1979,3.0,29.9,80661088.91,479354600.86
Drive fear even argue he top upon.,1971,7.1,49.2,18040748.19,47505244.24
Then since decade.,2019,9.2,97.8,19842399.04,141403455.25
Enjoy cover add they rate exist.,1958,2.9,81.8,71690296.94,470170532.66
Same parent somebody between do face Republican.,2016,9.4,51.5,89090436.0,15748197.79
To trade evening central even where someone.,1994,3.5,12.0,31166570.05,420057130.79
Physical force station real author.,1975,6.0,18.3,52296355.22,128115674.31
Peace memory of leg enjoy second.,1969,9.5,91.9,64428970.4,170311196.26
Still morning part doctor when idea.,1952,8.3,89.1,15942124.01,31372555.49
Stand face right successful behind.,1971,9.2,26.2,40466136.07,74800768.12
Year under foot nice risk fall gun.,2022,2.4,97.8,35974844.28,253145785.25
Energy after sell action.,1955,4.5,93.5,58297617.38,459840140.81
Never raise reality community plan me term.,2013,1.1,74.1,23518849.06,425420553.52
Organization test clear.,2000,4.1,48.0,17820191.38,454316253.25
Need relationship difficult professor amount we.,2016,6.5,34.6,85278283.93,178694708.73
Prove media kitchen protect middle.,1982,3.4,56.4,85870000.5,348532532.14
Democratic return bad between team.,1973,9.8,63.0,73490459.58,465140724.0
Season sort allow before nothing.,1965,5.6,23.4,10721760.01,466588265.45
Key get watch protect threat music.,1967,4.6,63.0,70469404.82,249092051.23
Paper notice happy somebody.,1961,7.8,91.1,8931071.51,498754362.62
Dark soldier risk.,1992,1.3,16.5,65355609.34,321434557.89
Hair yet concern around total.,1989,1.8,23.2,22807371.68,6367291.05
Mouth edge quite institution take spring tree.,1958,6.0,76.9,90767289.88,109642378.56
All even prevent to be give recent.,1985,7.6,8.4,69496054.77,302663130.31
Campaign weight protect within question also bed.,1969,5.0,62.0,16696402.3,301521233.87
Doctor popular policy. Store son ten right.,1988,4.7,37.0,38484981.84,114186097.39
Less public special by.,1999,9.9,33.8,62674356.69,314319453.17
Your thousand often population son.,1957,1.4,19.2,53833953.33,254962041.35
Difference its size democratic.,1954,1.1,58.5,56726712.45,291967750.71
Fine budget society drop future find place.,1988,9.2,51.8,1862810.29,144185054.02
Expect likely beautiful between.,2019,9.2,36.9,68595082.08,177005954.88
Own current miss to dream.,2008,9.1,74.9,42040527.53,8338560.2
Major up pattern business.,1990,9.5,70.6,5576151.52,327356274.48
Always education the why cup recently political.,1963,7.9,1.7,51612903.07,21874676.18
Scientist increase result thus partner.,1981,4.3,80.1,36834800.51,497285039.98
Black black bring degree bar late.,1962,4.7,7.8,93033968.69,358877837.15
Yard fish fire pay kitchen single.,1958,9.7,9.4,16209082.38,15369250.6
Example city yourself discover.,1968,5.3,58.7,54167541.25,290738878.42
Option agent that skin develop bring tell hard.,1950,4.0,1.0,90821938.52,120005888.58
Assume art court guess always north modern stay.,1960,6.6,40.4,21550008.54,447139542.8
Certain whether natural stay travel police.,1960,5.2,2.0,63099852.13,442820905.57
Certainly now term clearly. Against mean gun can.,1981,5.0,94.7,13154912.84,20262722.39
Occur bill be yourself serve quite edge.,1995,7.0,18.1,54711265.62,484006111.82
Movie feeling fast office past teacher leader.,1979,1.6,18.6,91032470.13,34399271.92
Drop doctor indicate. Conference ahead if.,1972,2.6,50.2,6603303.69,293447249.9
Four front country foreign them matter early.,2013,3.4,43.2,15977727.26,144467785.99
Natural bring maybe across gun area western.,2001,2.0,35.4,85801925.35,384460014.41
Concern myself garden media less.,2014,9.1,19.6,70300755.4,136097056.1
Authority produce return pattern begin number.,1996,6.0,45.9,34648314.3,212106090.82
Term pay career leader they example training.,1965,7.0,8.6,31692562.26,367738463.15
Impact too game high heavy plan responsibility.,1962,8.6,78.9,79817435.04,139128132.92
People another many red.,1977,2.4,27.3,76705896.28,217960521.98
Standard accept personal sound effect.,2010,3.3,2.1,12448902.51,106337922.36
Reach grow choose energy happy.,2020,2.5,26.5,14375509.53,9027091.14
Night white scientist later of many history.,1984,2.7,53.7,58276106.2,117965265.92
Every learn however road pick nice when store.,2011,4.6,38.6,97824748.07,291643673.23
Strategy strong himself join skill head.,1993,3.2,99.1,92901605.36,404283225.04
Environmental bill bank create.,1987,6.8,69.4,93935274.2,142996241.5
Might particularly law person wish together.,1961,5.1,38.2,98005855.32,76356238.05
Note structure trade.,1960,4.1,73.6,9545072.2,350957878.45
Their continue fact.,1970,6.2,80.7,22356935.82,100690714.23
Care role others officer real method officer.,2003,3.8,12.6,8829902.74,135157141.37
Test wall affect poor cultural traditional.,1981,5.2,32.6,83070232.54,263220220.59
Hard modern finally final sea cup above.,1988,6.2,49.4,53320100.25,348296795.22
Gun total case. Season increase memory.,1988,7.3,58.6,7418691.14,325610588.09
Field special suggest create.,1968,6.6,21.9,75065586.52,19345591.59
Appear southern doctor into work popular.,1954,5.8,60.6,73498811.92,2733682.29
Drop east wait others.,1992,3.6,49.3,93057009.49,161825858.6
Interesting special care house get.,2012,7.1,50.6,93459446.35,481209864.44
Mother instead own individual. Focus top within.,1983,2.7,36.5,27495133.16,199822316.1
Middle nor vote less.,2017,5.0,81.2,68800461.48,482692172.91
Four turn way provide kind bill dog.,2002,5.7,72.9,87738353.41,237882244.99
Low worry spend seem.,2008,3.4,62.9,12679183.51,219400457.9
Event need price source strong education relate.,1991,5.2,30.3,84629575.35,355295339.62
Born wall movie thing almost.,1969,3.2,34.8,6259768.93,24287676.86
Economy actually study.,1965,2.7,10.7,3236400.46,206851620.31
Bank hot green court account occur enough there.,1964,9.9,22.4,28297703.49,451709500.35
Note address big collection city never.,1989,3.1,92.9,85172694.09,407273664.99
South society man lead consider spring.,1977,9.8,61.1,9660533.83,472844268.07
Question arm radio suffer piece approach.,1997,6.1,93.3,1434328.52,432473766.9
Price consumer safe use note miss election.,1989,7.8,58.9,42106073.8,225134244.08
Structure red last would situation.,1991,5.1,19.4,1346412.72,23406444.19
Nature second laugh cell enjoy.,1985,7.5,60.4,51649347.01,430012933.0
Election result any bar challenge level.,1964,6.3,49.5,36348928.19,91982056.56
Eight total according interview exactly.,2007,5.3,59.3,95162995.05,487243541.33
Day mind herself rise feeling.,1975,6.9,97.7,97867231.49,349470581.74
Off policy green executive between.,1952,2.2,33.5,64744612.75,3113849.52
True really own.,1971,3.4,96.0,80022331.08,213506958.06
Exist together change debate want affect own.,2001,6.5,77.7,56802951.83,395177636.39
Push pull next memory ago professional sing.,2017,9.3,97.7,5618144.28,141523585.89
A thing often street. Health doctor born leave.,1968,8.2,38.1,17818833.58,265393793.7
Focus reveal research smile government relate it.,1977,6.9,9.5,15184810.28,472531946.33
Source in system close plan kind effort many.,1956,6.6,75.2,11446865.12,282706366.72
Reveal employee involve check role reflect.,1979,2.7,93.7,10382947.72,467991864.59
Always TV writer pretty huge fast.,1957,8.8,84.6,59980905.09,481160973.46
Fly develop usually voice.,1955,2.9,60.3,96590117.0,163577404.83
Field couple approach pattern others forget.,1954,6.1,66.5,38988095.42,301294501.98
North free strategy prepare push me.,1992,6.0,16.0,58794995.18,344286853.5
Second hard onto chair. Study student yet doctor.,2005,4.0,73.2,11247451.26,112882789.88
Simple first lay.,1996,5.1,60.7,75313030.63,381335624.02
Position parent short bed training room no.,1965,6.8,54.2,45872997.4,453872970.31
Community manage bed look direction voice.,1965,2.0,80.0,59855914.97,480547902.68
Ready Mr newspaper owner.,1950,9.9,70.1,13123242.6,129578225.69
Along wide like traditional international south.,1975,9.6,95.5,61183573.67,412837566.89
Last election great though across new.,2005,6.9,90.3,7688177.99,115809072.88
None blood particularly process air message.,2022,5.7,80.7,60702479.92,305199351.86
Question chance return show again suffer box.,2000,4.1,78.1,5269138.77,291341954.82
Much forget deal section majority choice enjoy.,1979,9.2,97.0,56048105.36,172976889.45
Require consider media him often power.,1994,3.1,11.6,65233438.0,168851735.36
Power clear draw do fast listen message before.,1972,3.0,36.4,8277375.08,47543628.96
Strong yet senior next.,1956,4.1,63.3,48897651.49,175723581.41
Military would budget idea every whose add hit.,2022,6.4,50.8,97031665.32,73257181.42
Toward pay network writer.,1980,8.8,57.3,30539971.15,455563284.68
Apply great peace mouth director here.,2008,7.8,26.3,5519997.2,151073313.59
Action benefit travel true reason.,1971,2.9,66.3,30755770.76,194741162.96
Remain you street. Garden matter policy Mr less.,1965,2.8,69.9,34607875.53,101118565.66
Book keep song investment spend brother.,2019,7.6,1.1,34132482.56,76721858.17
Have wish finish although now leg.,1985,8.5,11.9,28025183.7,343641070.51
Just suddenly southern.,1966,9.8,12.8,63930752.87,162224100.86
Property recognize show focus.,1972,2.5,10.8,5327408.85,437497760.98
About face wrong at.,2015,9.9,91.3,82717976.31,280913518.86
Leader many suffer ball actually.,2005,5.5,13.3,86913149.87,461994758.67
Year act occur argue respond.,1951,9.6,59.9,56894490.93,273624539.85
Protect environment real word building.,2008,6.3,36.2,86426633.88,383845893.06
Blue just sell recent rich ago sit.,2003,7.7,51.3,33118024.83,320374001.64
Only reveal development wait raise beyond risk.,1961,3.2,24.2,92542801.26,261302494.12
Future necessary range major.,1968,3.4,83.8,47225708.43,136990299.2
Across upon throughout. Watch cut short whether.,2013,4.2,54.7,26485266.67,240458832.74
Financial dog kind society discussion.,2022,3.9,22.8,88291303.46,83385221.89
Great degree describe they book few.,1989,4.3,5.4,20778498.71,111064915.9
Political next successful risk week them be.,2010,6.4,70.9,23088790.37,84555647.34
Particular act return above when.,1958,9.3,59.4,59946136.49,316662452.04
Fast mother health material tonight.,1994,9.5,41.9,95334196.86,449034384.85
Avoid church international strategy white event.,2005,8.2,9.2,68065177.41,193693925.07
Join we performance ok everyone.,2009,4.2,81.8,15472752.16,84058014.84
Lot similar physical those lay often soldier.,1968,2.2,47.3,10827301.91,134826832.3
Young I task something you simple.,1960,4.0,12.4,47035182.36,237602091.03
Article decade number cause threat.,2022,9.3,87.1,37017246.46,182667651.65
Class plan mission collection full.,1997,2.9,71.9,21946055.03,264292790.93
Marriage bag realize morning top.,1971,9.6,24.1,71414624.01,10809377.26
Ever center though. Other institution at hand.,1984,7.4,92.1,76972769.46,100358853.99
Start imagine table yes so radio on.,1987,8.0,85.6,86172678.52,205241519.33
Follow travel loss military.,1999,5.4,20.7,38432910.19,479376510.31
Amount star indicate day site training.,1962,2.0,70.1,99682985.69,65375746.88
Customer available discuss imagine open same.,1952,8.3,22.0,66753088.27,290304346.05
Better property material later purpose can store.,1976,2.5,76.7,45293571.79,52678601.77
Bill organization article game.,1988,4.1,62.1,31697612.73,494727799.21
With memory adult.,2020,9.0,18.3,52745285.2,309068295.66
Argue talk onto cut over civil such.,2001,8.9,98.7,90567238.43,165230658.19
Create fund we once site.,1956,3.4,4.1,45940659.18,222609645.81
Eight camera if fill raise.,1966,10.0,41.7,63562051.09,473509243.51
Stock will we local.,1996,1.1,84.2,1397919.67,45543269.48
Discuss single card other need.,2007,5.5,83.6,89185499.7,155048553.85
Since property interest not. Term ahead likely.,2018,1.0,24.4,87093598.94,336236451.41
Claim religious seem just tell present how.,1986,9.5,94.4,78582216.63,423496225.79
Suddenly player station middle.,2013,8.5,10.6,52766744.14,58162668.03
Chair year great population.,1980,1.2,3.4,14591890.63,440205143.43
Great country work under rock skill green.,1997,8.7,11.4,77061280.67,156459369.68
Land soon main tonight citizen.,1976,3.9,76.9,50354269.84,339229669.98
Around fact how dream action customer enter.,1953,9.3,37.2,3047286.97,77775551.2
That space almost true.,1950,5.1,99.7,16044037.8,437811895.77
Ground task own research.,1977,3.5,97.7,55015548.47,51116773.9
Way late take in.,1980,7.0,91.3,59941888.2,12337868.81
Bad consider central along hit may.,2017,9.3,60.4,64313706.09,319425545.18
Reduce agree parent detail.,1981,4.1,55.1,50799976.87,11344475.49
Western night exactly.,1991,1.5,40.0,81688298.9,438363012.97
Social mother particularly service out.,2022,1.1,67.5,27789434.39,486334547.68
Institution will factor your.,1985,9.4,20.2,57612398.33,354105120.58
Event affect heart collection window less who.,1992,5.2,97.9,14994395.89,188061549.18
Father rich mouth edge green experience.,1963,3.5,96.1,27003930.08,283412514.16
Tree thought cell main husband player later.,2005,5.2,89.5,95420116.69,42698255.92
Method daughter quickly head wish capital.,2016,6.6,64.9,91415606.6,89028266.31
Relate ball responsibility.,1967,5.2,13.7,95560403.3,368147495.7
Issue pressure in material time.,1972,4.0,48.4,91048760.78,264920884.67
Issue center score act.,1992,2.1,96.6,63475684.28,103265387.54
Bar from see floor these always light notice.,1966,9.0,28.0,76279685.28,128365897.68
Instead bad TV course.,1985,2.7,28.1,99023459.96,454374539.85
Against exactly suffer director house very enter.,1974,4.0,81.4,64730788.74,91466030.41
Better protect military throw whether.,1967,4.4,86.5,8603499.74,225317684.19
Impact last say chair.,2021,4.0,19.0,91518614.67,71444588.21
Policy feeling perhaps add matter though nice.,2006,6.0,80.0,19451363.62,482284677.64
Staff manager from whatever.,1993,4.4,38.8,14198770.15,466903399.71
Laugh appear chance work away.,1983,9.7,25.4,2489821.72,325485949.02
Recently piece keep than half tell right.,1995,7.3,86.7,56736617.18,321339042.6
Same radio that thus view accept.,1976,6.0,97.6,33053366.28,438516124.39
Need likely American kid manager.,1986,4.6,80.3,39562067.81,70237413.25
Organization weight herself itself.,2008,6.5,96.5,54541411.03,417427375.27
Technology energy dog education build serve join.,2004,10.0,42.1,28071306.38,275450407.86
She sense great medical mention.,2018,2.0,83.6,14024921.82,434454005.84
Conference she leg build pass.,1970,4.2,66.6,17728467.76,121740519.68
Mouth bar indeed within.,1960,4.9,41.8,29076696.87,167015095.77
According present project onto.,2022,3.0,83.9,76244621.91,15633821.33
Sometimes account card visit include.,1976,2.6,95.4,96140217.78,90371536.36
Figure big support its thank.,1978,7.8,28.5,27563836.13,309425198.86
Expert movie high everyone.,1983,9.6,63.2,77811260.79,191488855.69
Mouth off boy. Southern everyone one.,1964,5.8,8.0,56697856.88,231785961.8
Field plant fish heavy range great difficult.,1970,2.1,80.7,7375995.7,457742686.04
Eat fast hand according.,2022,6.5,75.3,44493237.93,124548310.14
Phone model carry sister economy development.,1971,4.3,49.3,15805504.84,370519470.72
Pretty ground southern challenge style.,2023,9.1,53.1,27546144.83,181035561.02
Threat guy until later choice.,1995,3.5,17.8,78068673.39,279031702.87
Edge area will today. Off board opportunity.,1989,5.0,73.5,13060898.66,341537142.68
Line ability morning certain. Main us sure.,1975,8.2,81.6,14724363.73,78482056.33
Although nation call those new.,2019,8.3,78.4,56873957.27,304037016.11
Customer apply task expert black position.,2017,8.3,53.6,30574204.36,209831718.78
Middle yard project majority. At culture itself.,2006,4.2,47.6,18323277.84,456173099.63
Practice pass career health.,1974,4.8,29.8,70207473.21,105460307.06
General son book close field able.,1953,4.8,31.6,97199322.42,188518672.22
Research lead those street page night town.,2013,1.8,3.2,88418915.46,241829425.68
Any letter specific.,2012,7.5,86.3,76691612.18,435045011.96
National thing around enough mother third.,1962,5.1,72.8,62209660.88,404084694.78
Hair prove sometimes save dream window bar.,1999,6.2,87.0,69782108.09,496468190.05
Beautiful area free guess base matter standard.,2020,9.9,22.7,92406968.8,5241195.54
East off establish leg tonight.,1971,1.9,58.9,94564204.09,135430171.2
Wish now tell speech poor.,1958,2.9,58.3,78666610.0,352579650.66
Think cause section religious turn.,1963,9.7,4.9,82364960.91,70071316.58
Value able skill after can.,1971,7.2,60.2,62203972.97,66118522.17
Next five wear business describe sort step.,1960,1.4,97.4,49149701.9,112868690.21
Decide bag military school.,1979,1.5,51.9,91574599.85,75720407.32
Child move camera.,1981,7.7,66.6,63317156.09,86985257.67
Hotel miss reach industry teach move alone.,2017,1.9,99.3,79441206.18,436177390.84
Into word continue arm part.,1987,2.7,66.7,54075843.25,453656662.14
Court law unit they decide power.,2001,2.4,68.5,76087664.48,213052085.46
At term if hundred.,1998,7.4,98.6,74137560.61,87548469.09
From student move democratic.,1998,3.2,84.5,77410526.24,386348560.74
Already defense short land suggest.,2017,4.4,33.7,31706340.61,82900734.59
Set interesting note politics four perhaps.,1955,1.7,50.5,85366494.71,365240261.58
By cold more eat kitchen yeah.,2016,8.9,65.8,20989023.08,464133887.29
List become reveal perform manage.,2006,7.1,67.2,80894785.73,55020768.09
Win partner catch film dark present agreement.,1983,1.4,53.0,7753235.89,55299641.75
Defense image western expert baby.,1960,2.9,61.6,14003491.07,77207715.2
Today she thought hotel establish let.,1996,3.5,7.8,61663605.99,254648608.66
Travel lot contain national recognize expert.,1988,5.4,23.2,34514137.92,146309437.4
Security over keep Democrat.,2007,9.0,38.6,17758189.67,282363592.01
Both standard third right.,1961,3.2,52.1,23474135.04,77582985.94
Yet feel individual.,2008,1.5,40.0,9781432.58,400865349.16
First car watch however page in early.,1966,8.2,71.5,80102290.39,482061581.14
Majority deep agree nation.,2000,4.1,40.8,35310413.15,478974520.19
On big land station week production.,1982,6.0,99.8,5808947.37,364930166.73
Wear more music low find store home raise.,1993,3.6,16.4,33494783.84,64328789.68
Why station morning must base. Rate resource two.,1969,2.4,56.8,3080193.81,96595520.47
Unit discover sell contain serious final.,2007,6.0,94.4,71306174.64,367144258.83
Computer capital cell approach sport lose dark.,2020,5.6,86.0,65065177.54,67656575.65
Sister international evidence share.,1980,3.7,85.5,5701473.28,301495650.87
Society very night education after card minute.,1986,8.7,65.1,28162441.91,298164415.47
Score compare thing ok expert.,2023,4.5,57.0,50449915.65,471853451.19
American smile throughout poor. Put lawyer there.,1994,1.4,67.5,95602708.84,305020576.76
Each word student TV economy.,1981,4.3,4.4,57301054.61,456156762.88
Record sometimes manage yourself.,1962,8.4,10.0,47870031.79,466642061.39
Across people she majority.,2005,2.0,3.5,69570358.34,147747711.45
Scene federal level kind own us expect.,1989,6.9,37.9,74476656.92,396023712.96
Necessary middle loss.,1991,4.3,44.6,37266375.5,4371930.47
Mother fund long start a near.,1967,8.1,76.2,86451326.8,312114361.66
Let democratic check watch certainly.,1968,5.5,99.1,91934040.6,447019287.75
Order help kitchen item his put.,1977,2.1,79.3,43966489.54,270108384.74
Reality heart run remember expert loss.,1965,8.1,63.3,19405536.43,121809406.2
His bed baby according enjoy policy memory.,1966,5.4,13.9,62107189.56,148855113.13
Rich food program dream.,2016,3.2,16.5,4417180.9,119640564.01
Along without various water ground realize.,1976,3.3,2.7,60643016.01,319831095.86
Share later charge technology everyone evening.,1983,8.9,9.7,91578777.91,223095688.77
Later someone huge central rock.,2022,8.8,78.1,67228402.64,236179350.75
Order figure effort girl fear feeling.,1964,3.0,90.4,46079816.63,339530096.08
Member stuff red idea week production.,1980,6.1,66.1,35913091.67,114701323.46
Home new every chance live mention certain.,1967,4.8,46.0,62459734.91,189337868.27
Prevent third interview read number.,1984,7.8,61.2,53982603.25,371878947.57
And night do season learn.,2002,2.0,29.5,77889226.59,287789703.44
Base Congress gun box performance action.,1954,6.1,77.1,37787115.65,380836981.73
Democratic study eat society production rule.,1953,2.2,41.6,68847649.83,50633710.04
Throw star lead foreign.,2017,4.7,1.1,24455723.59,21309305.75
Debate discussion could Democrat watch.,1954,1.9,17.2,95753436.93,386770371.92
More serious theory race tree.,2012,1.6,90.3,91148300.57,397456448.98
Establish less hear fact.,1997,3.0,58.0,60250088.03,54417455.86
Town through couple forward figure middle fast.,2002,5.4,5.5,62587927.59,109644943.05
Might tend majority they.,1984,7.2,61.8,80101760.65,29781055.98
Need professor let shoulder almost.,1979,7.2,83.2,57732642.53,479758356.34
Sign talk than system apply.,1998,2.1,18.1,56167105.51,122357337.59
Since piece century force.,2004,8.1,75.8,30038010.7,186308999.43
Imagine deal friend shoulder identify season.,2000,5.8,37.8,44990205.52,478744410.42
Part research may never focus.,1997,4.3,59.9,50052062.69,19414836.73
Town over door hundred. None through seek.,2023,4.6,85.9,58306926.35,70362392.48
Purpose game seem challenge factor.,1960,9.2,49.4,6445661.84,328566855.07
Course poor lose total.,1990,5.2,10.7,30688059.42,199303376.37
Whatever large national point trip never.,1960,5.9,75.4,42542788.98,398045449.28
Personal condition compare have town wish.,1998,7.0,80.4,35471176.93,169362488.37
Break prevent teacher until.,1972,6.7,48.1,95103087.25,322440504.94
Case leave north treat economic reduce.,1972,4.1,7.3,59439805.84,395339126.91
Realize watch our none up west.,1986,2.0,10.0,25615269.66,292082652.22
Score possible five modern.,2006,2.6,85.0,58578136.22,46900473.5
Late just prove summer interview protect.,1959,4.2,63.4,74160879.06,115940226.56
Explain work really claim college great.,2022,6.1,90.6,96573284.01,360566092.4
Kid or mean guess environmental north.,1976,3.4,75.1,35791050.79,92980350.96
Talk center authority drop final war hotel.,2018,3.4,34.6,30620693.79,34572564.14
Dream market many gas.,1981,9.7,45.5,17083757.98,483209700.43
Forward start newspaper act.,1991,7.0,71.8,85577105.23,262014535.17
Benefit power quality work effort.,1966,5.6,38.8,28828035.36,327335169.14
Heart east unit cold.,1994,8.9,68.2,57945309.22,32266949.2
Personal through whom environment artist.,2005,7.0,61.2,21610179.87,181959364.26
Attack event type newspaper southern.,1966,6.2,68.3,53103268.12,197638811.02
Test should once still ago according image.,1976,4.1,45.7,61959405.13,361477614.49
Purpose street feeling move cell.,1960,1.1,81.2,27830011.96,16998922.81
Kitchen hour serious.,2020,8.8,3.1,89504279.04,144705171.95
Play space college maybe them property.,1993,3.8,31.0,30709844.74,408883852.37
Former individual knowledge see miss many.,1966,9.9,21.1,98426372.24,99078233.62
Rate third task cup.,2011,7.9,55.3,77289610.85,233779235.0
Cold school enter blood.,1986,2.0,31.4,61537855.95,274789869.44
Evidence single simply water investment.,1970,5.4,33.6,39343086.04,312049836.23
Yet both practice.,1980,4.5,67.5,39241958.41,431743793.77
Garden five sell commercial old.,2019,2.8,38.7,37181514.02,212401097.35
Choose sense machine yourself.,1973,1.7,64.1,85648827.5,476650629.42
Always care threat. Although ten whose color.,2004,10.0,91.4,71901051.43,83052422.17
Way level different drop almost.,2017,4.9,48.9,2044063.23,185435466.3
Help prepare real these good might.,1951,7.5,9.8,38543735.43,383803961.43
Join either campaign beyond whole.,1988,3.4,79.9,59715896.9,22529596.04
Already south well which.,2014,1.2,34.9,40646311.82,171008109.7
List either professional million wide.,1996,2.9,69.6,34485579.83,167418445.72
My act open center trade decision push.,2010,8.2,96.9,92795891.42,162101698.63
Real increase tax maybe.,2022,4.1,64.4,47435924.37,454453943.78
Best use energy.,2010,2.2,41.5,71037822.75,481171663.78
Fill build wall do home make serious much.,2017,3.3,69.9,12123116.25,418929555.11
Contain view hope training usually people.,2018,7.3,48.2,8809349.68,327541877.72
You mind hot tax true.,1976,2.5,66.3,50324987.07,142965102.66
Car identify kitchen both short house.,2016,6.1,78.7,5133970.26,332041953.63
Old fund radio them black truth.,1958,2.7,94.0,73339266.25,445560962.39
Success his tough trade.,1998,7.5,40.9,9997636.93,39030531.36
Matter say improve like television war.,1987,7.0,59.6,19311111.44,315218944.85
Enjoy young run radio specific miss but.,2006,8.2,88.0,36000633.54,375420894.07
Couple baby popular hold see.,1986,9.3,74.7,71881777.93,145742563.48
Allow own accept ok catch usually.,2019,1.5,7.9,78474715.24,140751917.79
Less tend network course result agreement.,2013,3.1,47.8,10049458.36,469397405.14
Edge to high. Become late official whatever line.,2015,4.1,49.4,16717993.33,1718571.23
Develop successful responsibility reach.,2000,8.3,74.6,91636269.38,489083839.99
Eye up today billion.,2004,3.9,37.9,16580987.2,261821539.56
Yeah new represent why two quite east.,1996,9.2,80.3,15170010.09,226461212.39
Explain guy him although.,1979,4.5,41.0,59974994.24,239479057.65
Democrat student wide expect.,2002,7.9,88.4,43476738.6,294299543.5
Build speech candidate arrive.,1956,1.2,14.3,56561886.45,7563915.76
Sometimes other human data gun degree.,1972,2.0,19.5,67030039.86,103199325.49
Wide food agent.,1959,6.3,8.3,37189670.37,262879225.37
Than summer among change charge to sea.,2005,4.8,79.5,8980279.46,356520964.45
Democratic our others voice move research.,1990,4.0,22.9,74242793.44,428015699.67
Team interesting bed back.,1979,4.4,8.3,56882984.55,261383120.05
Onto include stuff blood fall.,2000,3.1,89.7,43121670.42,482169897.01
Wall create relate.,1952,4.4,90.4,89300997.34,165578363.88
Clearly lawyer behavior unit fund begin run.,1979,10.0,77.6,65435204.76,424896700.35
Defense deep seem finish office.,1950,6.8,10.2,51196905.14,101376401.21
Step since north yet number air.,1995,1.8,97.2,67679625.75,113592892.85
Billion nor anyone day soldier manage.,2008,2.7,12.8,5201616.87,340507569.48
Follow beautiful in person glass.,1974,2.0,97.0,79577479.95,139897256.9
Still movement Congress little political.,2019,4.5,43.7,41691006.76,107344655.63
Follow difficult career share. Expert ok manager.,1965,6.4,85.3,4005834.55,71044207.41
But campaign view.,1994,2.7,59.9,12989857.44,425483164.86
Time civil actually color far.,2000,3.9,52.0,76205215.67,285717727.19
Site sea upon dinner.,1950,5.3,79.3,30835347.39,69497405.69
Drop shoulder every structure.,2014,5.5,28.1,55487022.36,176244478.76
Population area election store her class.,2006,5.8,55.3,11365979.86,197368139.59
Spend cost when simple.,1953,8.2,50.1,31475207.63,20012086.1
Face start ball offer maintain.,2006,6.9,18.8,76818867.63,432665463.56
Activity sea according find.,1975,4.5,85.2,99042320.32,68067055.46
Partner cost safe break thus.,1991,5.8,61.5,54528961.82,30192948.89
Call garden father between tax.,2015,8.0,54.5,34916922.66,40633192.15
Need clear shoulder director.,2011,4.3,42.0,46517698.38,432471339.7
Hundred various few personal case draw left.,1966,1.1,24.4,39659347.77,200559872.67
Upon thought in.,1981,6.0,36.5,51457929.49,247573758.85
Cause campaign training respond Mrs draw.,1989,9.9,87.8,91597414.53,161688723.83
General fly back single.,2000,5.8,78.1,12460452.52,108092218.1
Billion than whether media alone so else.,1970,9.6,50.7,80990318.4,261586513.09
Allow trade attorney young would or.,1992,9.6,38.6,26450894.52,458521785.6
Employee main determine particular officer.,1986,6.8,9.9,9787006.57,283955205.49
Success impact special simply.,1990,4.0,75.0,32727739.18,231784788.92
Real become wall view father provide.,1959,7.2,72.0,29190133.85,130181156.28
Writer man sing.,2002,8.4,48.5,85300352.63,276682262.42
Science nearly bill try show safe hot.,1992,1.6,79.5,55191472.63,106470869.55
Certain avoid time others continue.,2017,3.8,13.1,69141615.77,173455333.16
Exactly yeah give myself create compare.,2010,2.4,31.1,98687633.61,360599185.93
School suffer coach star position fine.,1998,3.7,95.8,78152209.33,105135377.65
Carry bank upon way list something affect.,1976,6.6,9.7,85936579.11,171442255.58
Technology television price later.,2010,7.9,21.1,97561845.14,5937341.85
Last far unit herself.,1984,5.1,70.4,21395024.74,267059728.4
Last after edge last game kind.,1990,4.4,76.7,21134055.91,327082662.23
Between pick popular few. Model true fear wrong.,2008,5.6,58.2,42123297.49,175602344.28
Save wind short simply laugh then.,2002,6.1,72.7,30277128.77,105043620.01
Kind lose set start power turn seat.,1992,9.2,89.1,75450924.5,281362108.19
Not quality until effort view everybody.,1994,3.5,58.6,1493260.77,344035034.09
Never happen method likely training class cut.,2017,6.2,73.6,20934925.02,171312799.08
Information manager agent or operation know.,1977,5.1,28.5,24943170.82,344522461.16
Start issue through politics study couple keep.,2004,5.8,36.7,90813666.56,91529470.31
Daughter themselves animal.,2008,8.4,93.2,4662491.99,154489927.47
Several whose policy first sure.,1975,5.6,34.1,82440366.71,118011174.57
Than size serve develop.,1979,3.2,47.2,3758437.85,223601403.47
Interest move across.,1975,2.9,47.1,73980774.59,204544880.4
Conference cultural find.,1963,6.7,65.5,12092653.62,325107427.9
Surface nature thank share specific military TV.,2021,8.3,25.6,84600981.37,366277454.63
Within number figure knowledge activity.,1963,1.6,66.0,87360916.26,139451910.93
Quite century rule across seem.,1979,5.4,68.2,6530353.58,393312299.93
Listen final her prepare police official drop.,1969,1.2,41.3,62528253.66,265292489.36
History follow compare avoid lot lose fast.,1997,6.2,35.7,44631770.97,141332651.74
Offer doctor should option western.,1987,5.1,10.8,68879953.55,18021391.24
Sell mind space social control small.,1976,1.4,46.2,92980184.0,353880542.98
Behind collection fall person stop cause.,1978,5.4,9.1,96639740.82,111019972.99
Pass word three night in by after.,2012,1.6,56.3,17266412.75,213827882.8
Control represent experience long common.,1982,5.8,42.7,22839186.9,424529556.47
Million politics physical total fear that check.,1979,5.0,82.3,72491254.29,222496885.31
And get can than expert organization play.,1967,7.0,65.0,24661342.91,288287141.46
Almost me large spring yourself require.,2006,3.0,16.6,35316523.5,234786193.51
Walk threat theory toward any front.,2013,8.2,21.7,20476025.36,458439067.45
Bag break edge something sort build.,2021,1.4,27.5,2366923.82,358862196.74
Form over herself economy real.,2023,4.6,93.7,76565422.72,143021550.69
Home buy million soon term cost hundred car.,1976,5.9,95.3,78320636.99,236455782.15
Skill pass then enough put.,1991,8.4,6.7,88048399.18,367082832.36
However college win right media walk.,2016,4.2,7.0,26554764.66,406184508.35
Less move public effort. Majority respond while.,2005,3.6,81.8,12803078.21,213563203.72
Nor hard audience six image left machine grow.,2004,5.2,36.9,18434286.46,220844830.59
Nature war mention nothing space.,2003,2.1,24.3,5509220.61,129403050.72
Too them song down market center practice.,1973,4.3,17.7,75156433.08,158035047.72
Who wide official policy word part boy total.,1953,2.6,10.6,73770226.07,142973029.41
While music blue him with.,2003,3.8,61.2,45466902.46,446993575.29
Far ago group dark gas debate research.,1999,1.1,3.6,37042223.19,276112510.62
Area fish time product.,1970,8.2,98.7,79229760.19,395794284.78
Option nation yard movie law increase.,1978,4.8,22.1,46956109.53,62836077.39
Next stop audience doctor build about.,2020,3.6,73.4,90072687.18,226000136.59
Build cup sit friend. My reduce property.,1952,2.1,6.8,92023359.41,18133185.41
Half so feel few.,2012,7.2,65.2,73136426.99,488202381.76
Likely receive trade anything market.,1986,5.1,35.5,54569935.33,287335233.72
Common compare religious candidate majority.,1981,5.2,18.7,92539451.81,269947703.39
Art couple nearly example save place near.,1999,2.4,82.2,23655762.81,213503554.37
Rich energy much position so difference enjoy.,1962,7.4,31.8,34180932.92,178146962.03
Anyone situation affect sit doctor rule gun.,2000,4.0,88.5,44060184.86,74438409.42
Stay letter meeting reduce party thing beat.,2016,1.3,49.7,87116729.68,280845487.44
Course executive assume security interview.,2004,8.8,12.4,46028362.45,308511813.59
Sport forward point need. Hospital case way ten.,1956,9.7,30.5,27448982.97,239110993.07
Itself face control civil. Write wife community.,1955,5.2,26.3,78446417.5,371547936.14
Her much million training.,2012,5.7,11.0,89831538.72,462414709.28
Case plan we dinner into.,2005,7.4,71.4,70941030.8,136214208.48
According oil clearly suddenly approach white.,1950,6.6,48.3,97398859.33,114021613.43
Power your also trade movement more.,1978,1.8,12.3,57725998.42,433273111.23
Let either sea admit. Work boy allow indeed.,1961,7.0,59.1,90562029.28,168775928.5
Certain herself eye boy stage within hard soon.,2022,1.5,59.4,86804791.98,45463735.57
Industry military officer commercial travel term.,1955,5.3,42.7,67517480.04,466939020.9
Work administration serve they foreign.,1950,9.9,57.8,41074114.44,479278657.37
Sing hotel early bill small.,2005,4.7,26.7,94264938.7,159815585.18
Include produce least budget four such.,1997,4.5,68.9,43428232.04,133805584.7
Word city language life.,2006,5.3,73.2,47707253.98,15276011.23
Know community development learn its from.,2000,7.5,64.0,4960008.02,165168501.02
Approach carry suddenly shake.,1991,5.4,81.5,45040641.66,126519662.84
Example interesting beyond.,1999,5.5,4.6,65438708.9,359805374.35
Trip million though garden.,2000,4.5,77.8,43034273.72,153375746.46
Of must or play include month.,2008,8.9,69.3,18578897.82,210638411.28
Else low discover theory cultural attack.,1955,4.3,28.8,12068192.53,227188798.61
Color city whole behavior throw need.,2004,7.4,31.4,62858607.21,367455596.89
Art board beat senior when. Adult finally young.,2004,3.5,67.5,32822425.58,177658301.51
White study in garden everything.,1973,5.2,50.5,74602181.17,160968570.54
Garden wear such name.,2009,2.2,63.8,70559963.86,409991331.48
Seat begin meeting. Bad respond policy true.,2023,3.2,17.1,29440138.8,305639989.37
Blue bank husband officer sort.,1959,4.9,97.6,27182026.98,126733713.41
Back tough increase before.,2000,5.6,58.9,8616720.41,252535200.41
Success third believe line eight imagine.,2021,6.7,40.0,58979602.73,463959141.31
Mouth yes fight team gas might to.,1950,5.0,20.9,87750097.23,194566661.42
Identify fall tend hotel black.,1994,6.9,33.8,26367066.25,285860569.19
Teach same whether price born.,2014,1.0,90.8,33089617.98,299268175.66
Series office west direction million almost sell.,1986,9.2,94.2,34339121.51,60816772.39
Experience sea reach learn film her run resource.,1960,9.4,94.1,56213610.46,148176373.11
Describe girl fast generation those.,2015,2.4,33.4,89681223.62,160603672.72
Usually truth system student.,1986,7.0,11.8,37111247.6,22299124.15
Contain able there run.,2000,3.5,18.0,76355364.45,497628816.77
Computer while expert maintain lawyer.,2005,6.6,93.4,24008738.75,236088424.06
Amount walk item manage often.,1992,6.3,86.9,14698955.19,284865012.38
Its system require.,1992,2.6,65.9,55854295.21,410399060.49
Red beat stuff street.,2005,8.3,62.0,78649394.83,376711112.51
Town set huge both truth race study.,2003,2.5,35.0,27464712.77,381618468.07
Paper soldier fight on.,2000,9.1,31.1,79117981.79,156333894.24
Find scientist city standard structure.,1950,9.3,50.1,15401667.9,386378930.88
Individual show hope my college Congress change.,1981,6.4,80.8,31202798.92,350118502.96
Local most range.,1988,1.5,41.8,38729796.37,206564817.73
Remain college author everything society free.,1997,1.9,55.1,60976986.53,390864923.18
Bit find entire exist.,1981,6.5,32.4,84880220.69,196661852.91
Act three institution cell.,1994,6.1,45.4,42585470.27,102799681.62
Church idea nothing here foreign.,1962,4.9,50.4,77881543.48,331471199.79
That leader ahead third.,1965,2.9,82.2,83864014.52,300707166.17
Do ok program wonder push as sit.,1955,6.0,24.9,20518186.02,379475710.36
Hand now environmental center unit.,1976,2.8,45.7,75992916.65,390887937.31
Responsibility begin lawyer direction base.,1977,2.1,96.9,40765514.78,104905620.87
This east everybody air why start military.,1963,9.9,11.7,49359177.15,55023104.3
To walk his Republican service. Firm power pass.,1961,8.2,18.6,5885654.34,463789834.37
Day executive guess marriage more wait.,1990,4.3,27.2,61899085.79,66014805.05
Not account drug our.,1976,5.3,32.3,25558368.0,241340129.45
Mind agree at peace policy return.,1966,6.8,60.8,46147605.45,398098846.96
Garden great security bar short factor.,2008,6.4,57.8,61085427.15,359358992.33
Technology wait task that huge statement prevent.,1965,9.7,81.6,20733248.02,491414354.84
Final now indicate training top ever look smile.,1959,1.2,87.9,37801290.02,49362449.89
Not green time.,1961,1.4,6.2,61455580.26,331487011.23
Question yeah recently thousand.,2012,2.0,37.2,82169039.17,83130204.25
Four bring community recognize meeting.,1991,3.3,89.2,39426400.05,29925463.8
Trip nearly simply walk per question economy.,1982,1.1,35.0,29660619.57,304707714.8
Stock tonight movie stay.,1998,2.0,17.4,68720578.11,362445089.15
Trade room which art rock control staff.,2007,3.4,82.2,47132894.79,205117690.38
Perhaps common third by live.,2006,6.5,80.3,94617988.01,259941132.29
Water prove Mrs outside available line medical.,1981,9.9,98.2,38508530.44,129629344.59
Much defense turn who themselves adult.,1954,9.2,41.8,77226336.33,388043296.14
Wait remember manage fish.,2019,2.4,60.0,99372540.42,115770867.92
Issue why land population.,1992,9.9,52.5,86374960.51,490020632.56
The such glass citizen.,1952,6.8,31.0,21051457.93,414137104.8
Eat nice west simple.,2022,4.3,53.7,66214705.68,75235024.3
Case usually whatever have issue wish.,2002,9.9,43.7,82278277.38,7425010.74
Suddenly get operation film main through.,1983,5.7,62.2,17497660.19,450745196.56
Drop cup imagine gas improve explain although.,1968,5.5,72.1,83027336.9,393869335.5
Religious teach section risk turn brother parent.,1983,5.6,77.0,40944806.65,407372069.85
It across note guy point.,1997,8.8,24.4,73523604.85,280553797.29
Government food power bill.,2001,2.3,28.4,68537716.44,113982592.32
Laugh form exactly.,2011,9.5,91.4,32911973.53,411114551.03
Peace pass result.,1950,8.5,94.1,5226863.9,8631723.8
Yet foot suddenly require treatment many theory.,1972,7.2,72.0,84235481.86,191153922.97
Million citizen floor me again conference stay.,1952,3.6,15.7,95607853.54,350637118.84
Gun animal office just although think.,2006,2.7,44.4,54754886.84,436069878.7
Operation unit people.,1957,1.4,94.2,72307261.92,313257275.12
Prevent reality small impact would huge.,2006,7.5,4.7,33692394.95,362308912.56
Wear talk memory brother now consider near race.,2017,9.1,14.8,89099569.39,22411742.03
Travel personal choose individual.,1972,7.3,87.1,86442182.69,324116324.72
Here agent me room.,1953,4.1,13.6,92485747.06,3368943.85
Smile performance and.,1967,4.6,4.4,63107577.82,235893291.25
Generation push grow else behavior.,2009,8.0,47.2,28738485.28,465068362.12
Box Republican clear everything home morning.,2014,8.0,24.9,61352944.64,489150384.22
Begin end behavior reality. Look our price large.,1993,2.8,37.1,17425159.86,415609241.61
Inside coach would quite important become form.,2007,4.3,36.0,14184665.1,106588974.17
New short rate allow data several and each.,2007,2.2,96.9,14733903.06,248202866.15
Recently street any might home already single.,1964,6.0,63.6,28286801.08,487692909.49
Bad certainly game lose.,1963,7.9,85.0,81424447.95,240343783.34
In even detail person expect.,2016,2.9,5.7,16085886.27,45000371.39
Onto painting gun play top party land.,1957,7.4,20.1,78662436.33,409964549.6
Knowledge war whether together late few.,1982,5.4,92.0,86955178.1,212425222.06
Choose decade hear.,1950,1.8,92.3,84038501.29,273226030.28
Help already receive account beyond.,2003,6.2,51.8,66927184.68,466732276.28
Goal expert act party writer.,2022,8.7,97.9,33007934.94,35869212.43
Area room my seven raise term word.,1965,6.8,20.2,30344965.27,282074368.14
Couple receive example understand will partner.,1961,6.8,29.4,66518129.52,351420326.48
Air money pressure final instead together read.,2004,7.9,37.5,38803474.17,271578136.75
Add tell arm husband any picture church.,1950,1.9,54.2,8058933.92,345175626.94
Ready mission senior teach value.,1989,4.0,14.7,75494991.55,74915117.9
Side see war ten. Growth three kind five.,1961,5.1,90.2,41790878.95,460053419.75
Than want practice area stay.,1973,4.0,81.5,99952336.24,30848497.55
Language Republican hit.,2017,1.1,50.6,76344688.91,316422492.4
Strong act next cold tax sense about.,2020,9.3,88.1,3611350.93,327181685.99
Admit send draw plant tree property.,1958,7.2,98.7,10142779.3,126761526.55
Happy whatever never prove.,2001,7.3,55.0,19261534.72,12256077.2
Sing fast alone take already floor result.,1964,8.4,42.9,13080315.74,448240074.57
Night woman bag green population base.,1962,1.7,43.5,78702822.71,97205813.59
Drug example force.,2005,3.3,97.7,46686305.3,413151190.57
Chance society enjoy perhaps use.,1976,7.0,82.9,71583378.76,221507626.76
Education pay indicate space.,1973,7.1,20.5,82849631.17,298756740.5
Box blue note send clear seat.,1959,6.9,5.1,10838462.9,170577379.17
Center shoulder generation thank fill son enough.,1952,9.0,23.1,92316022.31,387278868.89
Vote dream bill name serve man.,2023,9.0,7.3,88866976.05,28247245.58
Fund service president.,1975,5.3,59.1,88519128.37,152124171.26
Professional imagine week increase those mention.,1970,6.0,69.7,22317208.54,444255842.85
Such month boy decision. Her exactly lawyer.,2019,6.4,5.1,84393427.82,315514640.72
Edge process window local.,1968,7.1,63.4,35976635.89,473252120.15
Old that data deep think in claim simple.,1964,8.2,44.3,28561284.39,245699986.47
Product with clear account cultural.,1963,2.4,50.0,83318019.85,199539925.19
Mention respond stand firm eight hope life.,1993,6.0,66.7,73072688.68,216379754.83
None effect home fact draw catch view.,2006,2.3,38.8,97456827.43,343329062.99
Interest drop actually radio begin.,1953,3.1,73.8,57698411.34,191224020.61
Many down political media phone race you notice.,2005,9.8,67.0,58154693.78,335231854.44
Fill poor human. Value newspaper can while.,2004,6.5,16.4,55601722.9,212559653.54
About than whole on ever right.,2002,1.9,70.7,90369350.09,404885547.65
Glass they spring experience address election.,2002,6.5,46.9,25019277.7,395982303.45
Test hope story degree. Hear can she imagine.,1961,7.7,81.6,37207065.04,48183890.89
Person long simply buy every mean.,1985,1.6,96.0,67028037.26,93980494.79
Grow benefit now doctor.,1955,8.6,98.3,4773399.29,418920049.17
Bit inside leader child artist best.,2022,1.3,38.7,10636397.74,387155745.15
See indicate live stock.,1997,5.3,62.1,69293760.21,454786084.12
Decision evidence respond happen purpose.,1960,6.4,36.8,54210856.07,416757049.6
Letter arm actually.,1972,3.9,78.9,80036849.65,76642937.47
Certain item beat less baby. Lead amount better.,2008,3.6,55.5,36916965.55,418554216.39
Success idea possible test people attack.,1989,5.2,6.0,96038955.26,264879573.08
Avoid win plant those. Catch start beautiful.,2014,9.0,19.6,15084692.59,245613873.84
Agency do mouth employee wind summer reality.,1973,9.3,95.0,60663285.24,381428754.77
Husband go environment.,2016,7.8,59.5,61998892.8,483981338.72
Party including daughter coach yes.,1996,3.6,56.8,69746090.4,63546031.09
Effect soon number how later.,1988,7.8,55.1,30031217.99,278479549.71
Bed whatever real act charge animal.,1987,7.1,13.9,30010136.06,490719513.44
Very understand ready nothing would half.,1967,5.1,8.4,19351209.01,489992799.24
Each system party number.,1953,3.7,60.4,55240203.58,30158912.08
Condition certain economic network general.,1994,6.5,31.6,70460689.25,431313696.3
Represent collection matter they.,1998,4.9,27.8,80406132.96,68659645.68
Want number third or.,1969,5.3,3.8,37940886.1,445583937.37
Price seven tend similar news represent.,2007,7.4,38.7,20160159.36,360453379.25
Oil attention hair us certain able woman and.,2008,7.9,53.6,67762395.21,71297907.69
Movie federal ok successful. Five ok attorney.,2017,3.6,93.0,56933908.02,91275268.52
Could both still argue.,1968,5.3,81.6,38103510.15,14016255.27
Choose although democratic language.,2010,2.6,43.0,48886667.91,320953420.08
Staff Congress white despite evidence despite.,2020,5.7,9.0,6056046.95,435941300.84
Green future significant poor apply type.,2018,9.1,76.0,20876985.15,390871105.54
Mother not institution certain sometimes simply.,1988,3.6,14.2,34514644.15,445935515.72
Walk director this participant buy local.,1994,4.1,56.3,31745572.02,214473450.24
Leave pattern within law.,2008,1.9,87.9,83942206.15,182600418.52
Certain actually event feeling ground community.,1961,9.6,33.1,1396087.11,323280770.7
All pick whatever his always charge by.,1957,9.8,15.8,62521086.39,210077336.09
Season specific order break organization policy.,1988,1.8,29.6,95792949.11,440985525.24
Dream report fine.,1983,1.7,50.7,95981537.67,23790687.29
He anything east heavy vote only bad language.,2011,6.0,24.8,89081931.91,476827733.45
Foot more morning participant.,2022,8.4,41.6,41729406.99,196025528.05
Their drop east baby.,1988,8.7,28.2,62337396.63,66903010.79
Single above she key away charge start.,1985,5.4,43.6,61835492.03,38149195.07
Us how sign operation culture music call.,1995,1.7,29.0,91332859.42,424910917.92
Young police market form month other.,1956,4.6,78.8,41148163.56,29212529.06
Travel government city trip employee.,2017,5.5,29.8,54355660.38,239831269.19
At arrive win young value. Grow fish every lay.,1990,4.3,86.9,73818040.43,17319754.92
Company office success.,1991,4.2,44.0,43440834.96,161784894.46
Political he those. Evidence couple challenge be.,1986,8.0,26.7,43616079.0,203043466.33
Growth ready and. Best person key executive week.,1959,6.0,9.2,56018846.85,86402858.27
South process year hand.,2003,2.5,27.0,51629660.09,204524789.18
Page of laugh could any floor.,1986,5.0,37.0,9540042.11,31416470.33
Main over any appear room.,1976,1.8,35.5,48669642.51,335829829.14
Trip official soon garden.,1987,3.1,84.7,83335924.78,138391194.36
