Назва фільму,Рік випуску,Rate IMDB,Rate Metacritic,Budget,Касові збори
Memory student fly as everyone.,2017,2.9,50.9,82615915.3,113219229.21
Item picture street society past a kind.,2002,8.1,68.9,1525217.82,362353369.33
Matter third carry throughout site.,2017,6.4,92.8,69060694.02,338962427.82
True ability resource pay.,2004,3.5,79.6,46976490.71,384444560.56
Less level never audience person anyone.,2011,7.3,48.8,10004885.4,270551233.96
Throughout sort idea serious food feel help.,2002,8.9,8.0,21425639.64,164898064.78
How possible collection. Move before only.,1957,4.3,90.4,46890487.48,129239238.22
Fire evening daughter bag.,2001,8.2,68.3,51454079.98,108237034.81
Performance issue gun major.,1991,7.3,46.8,59687110.8,271883743.17
Dinner gas give available expert result.,1989,7.5,90.9,44703035.26,383851037.94
Lot account state stay health.,1971,1.7,52.1,90058066.23,284965552.42
Couple catch society test.,2005,9.9,56.8,67169608.53,172498697.92
Value fund heart can beyond us.,1966,7.3,21.1,10727017.02,121362978.47
Choose statement side.,1984,3.7,15.0,84914862.35,135611085.76
Knowledge cost her responsibility music so Mr.,2001,6.1,18.0,95241373.13,435029908.73
Community just direction yeah.,1971,8.4,94.3,19921239.2,445643625.56
Consider challenge line region eat oil.,1950,6.7,73.7,38607304.84,386827931.28
Collection second weight say meeting crime eat.,2009,1.4,23.2,63396947.38,137038718.62
Page other although myself individual tell.,2004,7.5,34.0,56856368.91,107412355.58
Smile use their man our far.,1987,2.5,93.5,53603734.44,81546729.46
Simply theory north end continue traditional.,1968,3.6,89.6,34868816.75,156451421.47
Education collection thousand director according.,1965,6.0,17.9,53006378.35,246135985.58
Computer bring feel Mr white you.,1993,5.2,82.7,71461051.73,186073972.84
Nice term wife pay college green.,1983,5.5,76.7,82207680.79,50638410.04
Process word long. Either dog role cause yeah.,1975,5.5,77.2,81209529.04,363770659.05
Face move oil certainly fly painting so north.,1963,8.8,85.0,10805819.54,446711032.89
Happy later only officer I.,1957,5.8,32.1,15108667.7,291846029.12
Yeah purpose meeting other. Trade up that.,1968,4.8,64.3,5792094.77,408433334.36
Return strategy her station kid.,1962,2.4,98.6,97479064.99,486038612.66
Fund chance adult family trial final road.,2000,6.8,86.1,77413257.93,413760711.42
Real try four party mention sign degree.,1989,4.1,38.9,55737533.89,270875402.23
Between throw also final difficult kid.,1985,8.6,35.1,89744672.12,57659840.71
Foreign pretty activity west style again.,1991,5.2,75.6,54808921.34,34822952.66
Us character how begin simply.,1952,8.1,82.9,7761031.94,320297683.52
Fear top available yet occur.,2017,7.9,45.8,18959722.69,76846312.79
Pass five up race have read.,1960,1.5,46.6,34129217.11,276038095.3
Reflect include morning. Goal young three send.,1977,3.1,78.0,25479676.3,119695345.98
Whose figure exactly stuff one someone.,2004,2.8,10.6,55936263.69,493376346.41
Early economy form happen summer stand.,2010,4.0,38.9,52404418.65,423244051.12
Life under against woman. On sure happy bar her.,1990,8.6,68.4,40052101.28,348324271.37
Red guy apply product commercial civil.,1979,4.4,49.4,51804162.18,38726821.67
Scene research drop some radio say order.,2007,7.7,20.2,77576102.82,113579427.97
Suggest country right top avoid total several.,2007,6.4,76.9,56887739.09,220767726.05
Rock prevent represent citizen real particular.,2020,4.9,38.2,93323663.68,326083500.53
Natural west bed during and.,1978,9.1,59.5,5747492.82,427898478.03
Name good huge huge point will standard.,1962,6.5,32.8,44258702.21,10562162.31
As be entire ok impact our.,1973,3.8,28.1,39395217.29,201366003.04
Clear movie kitchen father maybe.,1988,3.1,77.8,47474056.45,162831972.57
Somebody force record alone experience.,1954,3.3,43.5,2606767.66,328935349.17
Million white step state thing again high.,2013,5.2,11.6,99211199.29,473392493.35
Design thought risk media sure ago.,1977,5.2,81.9,20610299.33,378631971.51
Group high play magazine.,2007,9.5,92.7,3059412.0,276930957.79
Test probably provide gun artist order finally.,1990,5.7,90.9,93340523.04,407809104.87
Yourself adult technology baby reach attack into.,1982,6.5,95.8,7757711.98,276194681.04
Event decide task tell bank instead.,1977,6.5,35.7,94412355.79,491725107.15
Main interview production concern face material.,2003,2.9,10.4,76739501.16,35111223.93
Each his once ahead price.,2004,9.1,92.6,69706087.78,117243548.37
Commercial cell physical second wrong.,2004,2.5,14.1,72272590.16,23498838.81
Police peace candidate kind.,2016,4.2,91.2,36625370.73,493484433.93
Former treat still future now.,1999,9.4,15.6,56586075.67,62822060.03
Similar friend store man sometimes.,1969,3.4,15.0,66407601.0,313799146.39
Similar federal little follow.,1974,4.8,89.1,87036701.61,290433156.46
Second go federal right page value.,1953,3.3,74.5,94196919.59,1041696.55
Seem girl cost decide close training research.,1965,7.3,66.6,42137262.15,14627972.71
Develop nature child continue now.,1973,1.7,95.9,95102242.74,318320821.52
Might meeting take which.,1961,2.8,53.6,15111174.81,358193052.46
Ever seven right ten.,1964,3.8,93.6,78059594.26,425131781.59
Huge career computer several.,1960,9.5,94.5,95817955.14,159988719.27
Water two us benefit.,2015,9.7,96.9,34672010.8,139566309.46
Spend debate believe lot.,1961,9.6,83.7,5240585.23,122273873.41
Kid better American student.,2013,4.8,18.5,54749007.71,322073841.94
Voice write shoulder special.,1987,3.6,60.0,1924258.2,407213818.58
Green station pressure.,2021,5.3,15.3,51128986.22,257935323.63
Now agent fast any research avoid heart.,1993,5.0,20.7,98736945.71,45389603.45
Like four across.,1968,3.0,33.6,42128705.27,41059052.84
Face record trial of.,2000,4.5,60.5,36120599.36,335157819.01
Home cultural stage drop politics wind anything.,2014,4.1,64.9,32621323.16,2179773.11
For indeed common most only report leg piece.,2020,6.3,76.8,13150299.08,131696450.13
Mind more hold car half policy Republican new.,2009,4.8,3.4,96029669.24,400189380.3
Speech clear for standard pay white economic.,1966,6.9,71.7,78019964.18,101581484.13
Feeling thing force your.,2005,5.0,61.2,99949073.07,254600593.13
Wait role including wear.,1961,6.4,22.4,80943439.93,293139680.1
Attorney after find together.,1997,5.0,24.0,98670491.26,75010910.62
Apply ok film boy. Bed thing than few beautiful.,1982,1.1,10.5,34050830.08,255390656.41
Recent pull student resource.,2023,1.3,27.2,97008065.45,391891314.83
Player behavior collection.,1980,6.6,36.2,21073444.64,479067639.27
Machine much center than dream.,2008,9.2,98.6,48367779.18,451614911.27
Break production scientist prevent.,1977,1.3,85.6,75240637.66,121835240.68
Tell my happy.,1950,3.0,41.1,91521646.35,340801294.53
Discover blue him never institution myself each.,1993,7.2,40.4,59330813.84,105465470.53
Air Mrs especially. Hear artist stock.,1957,8.3,66.3,46153709.34,287371055.69
Threat cost watch month list seem big.,1967,8.0,22.6,61876161.16,377224739.13
Agreement agency treat top force property tend.,2018,8.2,85.9,65658679.93,311524215.39
Group hour sport off technology begin form.,2020,3.0,3.1,20028640.02,263275429.67
Major page environmental maintain.,1951,3.6,26.8,9338399.3,470100003.3
Determine course myself with go.,1953,7.5,61.9,49081378.23,71887529.47
Just local else already despite ready industry.,1995,4.8,67.5,70257996.57,51162928.71
More may admit ball box nature.,1959,5.7,67.9,49921592.47,242714549.75
Land media gas serve security sister firm.,1983,7.0,82.9,89742393.59,78290587.45
Young husband up officer.,2018,5.3,19.8,84553497.63,110621926.77
Coach they sell section.,2011,9.0,39.7,67410402.16,182435960.9
Even hold someone.,2001,8.8,96.0,13858946.32,332642070.86
Series for later court entire project.,1955,7.8,28.2,37008987.4,138320165.42
Read institution program become only rate.,2010,9.9,61.0,97823661.2,86225554.65
Even kind begin law thing use.,2013,6.3,17.9,96047512.51,391842428.42
Travel term stuff traditional.,1993,7.0,34.9,45640284.91,242857383.33
Just night mouth over continue.,2011,7.3,74.8,37546851.38,116425017.32
Score there hand south court whole.,1994,2.8,42.9,81220330.92,95661974.14
Seek figure artist responsibility term.,1969,2.2,11.4,50342105.95,436843930.38
Yes character star. Story get reason never.,1985,2.7,55.1,83448739.9,167542910.08
Team blood note model.,1961,5.1,47.4,91907513.2,31393889.77
After according TV situation.,1999,5.7,34.6,75835269.8,270101129.93
Themselves why network we.,1985,5.7,36.8,9717956.21,349759937.89
Country force best sure stock station often.,2007,1.9,18.3,94420542.64,175593672.44
Impact go radio team.,1985,7.6,4.4,93110707.08,261702293.5
Accept former its close say style economic.,2014,9.5,63.9,38818480.85,364119038.7
Only role dark difference.,1964,2.3,60.5,51404240.66,218697984.24
So effort section capital true meet group.,1967,5.0,95.7,23006820.76,400375812.65
Someone I economy five.,1960,5.6,79.9,93092616.94,381561553.54
What cut style man big.,2011,3.7,98.4,57003392.88,211281576.68
Eight receive science might treat.,2020,7.3,19.8,96855055.07,66271822.31
Executive hospital late always.,2019,3.8,19.5,84010650.91,451791821.16
Set sound game dog capital door.,1997,7.8,43.4,8496301.69,49449389.63
Free strong various member generation.,1976,9.2,83.2,16416174.43,405397132.8
Customer thus young. Economic at war Democrat no.,1980,3.0,82.7,34852950.86,443203627.76
Mother office material society.,2002,8.2,98.7,43429918.11,229796527.2
Four price necessary ahead.,1974,7.4,62.5,18753471.39,307683419.07
Up look those community.,1993,7.7,86.1,14034972.73,330325431.58
Right visit lot ball some everything society.,2014,4.9,14.2,42238651.85,481734247.29
More low mean lawyer.,2017,8.7,47.1,34063297.57,465063797.41
Also big military eat allow party sport issue.,2014,6.9,73.5,94632822.87,227789575.26
Your news arrive next street room.,1966,2.4,2.6,21826680.03,194950762.42
Guy professor tree prepare clearly article level.,2017,4.1,8.7,59053745.26,246959199.44
Discuss time trial Congress heavy interview.,1996,8.5,1.1,72100729.11,225153917.25
Network beyond leg present.,1991,3.9,84.4,57782227.3,305211229.22
Leave dream hot.,1995,5.0,24.0,62014536.24,258141279.43
Near remember fly wall year.,1998,9.8,49.0,96561079.13,14190923.8
House enter say often.,1971,9.3,85.7,90716492.18,212280974.95
Society field while price ago until police.,1983,5.0,76.6,81233190.09,214712622.65
Pay benefit force. Season what same fund.,1985,5.2,64.5,42208581.5,400781363.51
Four human describe beyond.,2020,8.5,43.6,64969403.99,219617518.47
Point financial central last listen executive.,1959,1.9,13.1,84217440.02,57695408.22
Wife face the physical.,1988,4.1,76.8,33367844.32,23720778.12
Them practice threat myself.,2017,7.2,11.8,5524697.83,498619935.23
Safe which measure southern control think.,2020,5.1,53.9,6632579.73,433908255.77
Meet management build so country.,1973,2.0,54.7,3319324.65,419826320.54
Speak firm need debate.,2000,4.5,33.1,41159699.34,357277873.17
Matter pretty necessary decision.,1968,8.9,94.2,85682666.65,491698315.66
It firm begin central during production later.,2013,1.7,9.6,1233797.57,363932273.18
Song practice report join side.,2005,8.7,89.1,35969853.78,277970742.56
Ever provide stage term.,1998,3.2,65.3,93801410.02,106865176.85
Measure nearly of head you whom.,1961,9.5,55.9,16597959.45,199627689.59
Interview economy reach garden happen both.,2017,1.9,1.7,51560126.34,318377783.06
Set also month.,2014,3.4,29.8,52815140.1,355215951.25
Visit this society large cold wear.,1997,7.6,88.2,18267237.5,133741527.2
Leg color talk manager if pass natural floor.,1989,6.0,16.3,26446999.58,402956937.48
Increase huge least worker police evening white.,1960,9.7,27.8,77424576.08,473079915.74
Us window certainly drug network.,2016,4.3,10.4,97636147.53,332035052.61
Tell collection establish media capital.,1953,7.0,99.5,45086141.84,46093756.03
Writer even here.,1980,1.4,31.3,45790019.12,59320864.51
Society treat stock story.,1963,4.6,25.9,68081694.98,378652576.28
Parent event coach high southern American.,1983,1.9,21.0,70548504.82,319804656.57
Prepare size tonight mean human either unit.,1961,3.8,76.6,56805635.84,477754083.58
Hour ahead thus information.,1970,4.2,62.5,90735421.59,251040983.36
Friend you must station support history.,1971,7.4,95.2,21287138.69,186061925.9
Program agree number Democrat claim.,2016,4.7,1.1,46753205.13,177307155.88
Myself art land arm language there.,2017,3.7,82.3,53605642.5,11953254.42
Spend best late nor stay.,1974,7.3,90.4,19766626.81,396700826.18
Short movie success director market.,1976,5.2,94.3,61030511.74,24326829.45
Along dream close positive else state.,2000,1.5,16.5,30825240.79,408869581.19
Imagine family yard computer court treatment.,1988,1.9,81.2,54396031.53,210071309.78
Baby letter great food case.,1984,8.3,87.5,96713132.49,134655030.82
Unit investment society perhaps indeed nearly.,1992,3.5,82.7,87548540.92,306316235.85
Way person drive political six land describe.,1960,2.9,51.6,2767652.33,476907412.4
Performance education kind miss shake.,2001,8.4,39.0,61759508.15,168043269.51
Defense west itself pull.,1955,7.0,35.7,32624045.38,334374058.91
Report enough need guy.,1982,7.8,53.3,57687385.41,365017147.21
Heavy various town parent marriage.,1970,4.8,74.3,31690544.34,463813571.49
Deal clear identify. Near follow work.,2008,8.0,28.7,78817572.75,71645727.91
Go crime travel account should.,2022,2.1,91.3,24927521.74,440811353.44
Particular lead bar step.,2014,7.0,15.3,3212297.01,363395657.2
Everything many possible oil blood.,1975,8.8,91.6,2079416.65,328038447.22
Gas need avoid hair crime hit meet.,2014,7.9,50.8,93354868.29,210697236.35
Fire least night establish however nation.,2004,4.7,74.2,39286021.72,373141014.32
Prove civil wide service up. Do later boy term.,1962,2.5,73.4,36492617.0,475151731.8
Spring pick right.,1954,1.2,24.2,6874525.51,360184381.49
Phone success word stop.,1974,2.2,41.9,5335471.35,353454602.24
Full may social student.,1962,4.8,83.2,22592854.28,8322620.32
White series glass still move still.,1968,8.1,31.7,53818480.76,343069626.92
House music cost yeah.,1950,6.4,23.6,39202982.83,370357415.57
Generation recently science popular possible by.,1963,1.6,46.4,77238141.54,13037633.33
Federal force stand minute man.,1989,6.4,11.0,93212610.44,161744602.33
East wonder race happen scene head police.,2012,7.7,84.4,58404907.73,176864847.54
Floor deep oil score.,1970,1.5,35.1,22854367.22,242278157.84
Adult follow natural away surface better.,2011,4.7,88.7,78746196.82,397904111.97
Whole I Mrs expert day begin.,1980,5.4,56.5,12639457.73,241157474.01
Toward material watch.,1964,6.8,95.2,20598358.88,458163309.47
Everyone all federal because easy top special.,2019,1.7,41.9,64891741.2,77333828.77
Write shoulder natural their remember peace need.,1955,7.9,31.2,65562013.41,80839467.91
Save develop candidate security figure score.,1986,9.9,10.8,44149683.68,324352337.34
Cup accept especially standard lead front.,1956,4.5,42.9,21292908.88,94207555.65
Analysis best animal it.,1995,8.9,63.8,23512463.13,339008745.94
Energy government individual cut race guess.,1980,7.3,94.1,97577639.65,208971302.36
Begin plant color. Sound pick fund central.,2006,3.4,14.1,91578107.22,393213996.76
Tree reduce appear reach cover.,1966,2.8,49.1,71373653.44,317394915.36
Hot white week serve indicate.,2004,7.1,88.1,75613153.34,180216508.34
Seek Republican sit hospital conference own.,1974,2.6,54.2,30384803.17,337891824.16
Another follow sometimes main fall quality.,2012,1.6,83.0,61213653.37,114173550.13
Source raise figure technology home.,1988,1.5,61.0,11337431.02,333015468.16
Mission product rich direction.,1964,8.2,72.0,99331568.72,481965281.75
Investment option letter forward.,1953,9.2,5.0,75646565.52,133149641.55
Quality democratic place share speech continue.,1974,5.3,25.6,23544357.84,104824026.95
Today second land everything particular debate.,2019,2.5,56.3,76823040.61,416406724.36
Goal democratic fish pressure compare.,2021,9.7,25.2,91890024.64,398062445.79
Draw represent cause improve call that.,2003,4.8,70.8,68920104.18,122974362.23
Sense direction friend kid.,1979,7.0,4.4,68815436.62,389084009.71
Because ball join must I.,2004,6.9,89.8,57189400.41,450970469.37
Part me wide when maybe.,2019,2.8,8.9,22362725.8,178107770.74
Exist nor necessary lot mention.,2015,9.9,31.4,85378710.17,142397671.11
Next left him discussion expert food.,1965,1.8,88.0,80474814.12,92072533.16
Doctor with factor home economic.,1980,6.4,69.3,36213221.28,53657815.1
Left test color.,2007,3.6,1.8,42540806.07,366723511.52
Paper dog dog weight hair business writer.,1968,8.1,91.3,71348117.63,164129627.65
School meeting improve reveal kid exist.,2002,2.7,79.7,64254247.22,231655078.55
Better cost education operation indeed win.,2000,1.8,53.8,48298850.15,352510758.73
Full for shoulder help strategy truth watch.,2023,4.2,60.5,4386887.84,468065042.92
See compare crime resource feeling within.,1956,2.9,44.8,75272476.8,446257242.17
Bar season significant environment.,1981,5.3,21.4,41232589.72,457372830.64
Civil discussion relationship image.,1953,5.6,48.1,86524625.43,293628436.63
Official big consumer according industry stage.,2018,2.3,4.7,73617017.56,384580038.58
Assume while nation positive view card.,1970,9.2,41.7,31596986.84,111123429.43
American anyone foot protect against home.,1991,1.1,56.2,92305659.02,115047830.39
Item happen term woman myself usually.,1972,6.5,10.8,56369388.57,178447873.33
Staff staff bring class staff those radio.,2019,3.0,95.4,42202570.62,59076706.95
Do let surface first water sing attorney.,2005,3.1,66.6,68552969.4,168930134.46
Relate kitchen walk same.,1968,2.3,89.6,12257600.03,494807362.09
Never minute support story board.,1992,2.3,72.3,21985154.46,57906464.64
Foot test fund.,1980,8.8,36.7,73530576.6,288906557.52
Present future two space.,2021,4.3,45.6,18121093.07,167624401.88
Least debate stop general perhaps Mr across.,2007,1.7,12.8,22372764.08,270868456.88
Send same establish population assume bill fly.,1981,2.4,42.7,85314461.97,382293647.29
Environment threat debate current.,1964,1.7,56.5,54515842.88,100988804.98
Forward lead son off enter.,1974,1.5,22.4,53215902.63,62254167.8
Position power instead man but defense.,2000,4.5,76.1,69704038.67,112465579.95
Report future task enjoy.,2020,8.7,45.7,86814416.72,22914650.37
Environmental thing own occur to early.,1983,8.4,60.6,67441137.89,174864241.57
Arrive establish skill heart.,1953,8.7,23.6,37863045.61,296515864.14
Far per color computer remain message study.,1992,1.3,18.1,78954863.15,375401818.43
Huge here pick almost service why challenge some.,1999,8.7,53.3,9409912.19,240235408.63
Very scientist wife community.,1970,2.3,24.1,58052273.72,330138131.38
Crime soldier money central control.,2015,9.9,8.0,69896069.18,451201783.98
Book think apply support cold.,2008,4.9,42.7,31172500.54,75564641.97
Nor old sell give prepare personal enjoy crime.,2011,4.4,91.0,34265140.19,181927386.79
Five especially hold while shoulder.,2023,2.6,83.7,67024461.83,198688867.65
Game then song subject risk ground front.,1963,9.2,56.7,22767541.38,384552987.15
Interest class perform off.,1954,5.8,52.5,71427445.59,251538129.63
Watch fine political better something.,2007,8.8,36.3,2366829.59,61921607.47
Culture report become mind. Claim wrong hard.,1957,2.9,14.5,55391176.94,246533193.26
According court hotel go decision.,2022,5.5,41.7,15391803.06,66273525.88
Partner strategy prevent catch can huge.,2011,3.4,54.3,61689731.96,43675442.93
Anything large address dream agree suddenly.,1961,4.9,96.0,62390482.81,296822383.02
Near send medical professional western.,1956,2.3,55.8,93451478.36,455446708.09
None month especially of Mr positive.,1996,1.9,33.0,1040078.54,99596247.81
Least wind site challenge economy.,2016,6.6,1.7,80100015.47,135780239.99
Short read state world.,1992,9.6,5.2,18549264.37,149603207.96
If write produce office important at piece.,1982,6.7,51.9,96616711.58,271387014.92
Talk power bar become real ahead.,2016,5.1,39.0,1770342.68,318005796.48
Member total receive nice art serious.,1969,6.6,10.6,75084806.32,8458382.69
Recent easy step gas deal quite arrive.,1986,4.1,95.0,52995601.29,12630667.55
Community go these family outside heavy leave.,1973,6.0,95.9,82876049.34,117729855.6
Economy myself nearly full.,2017,4.0,85.0,6606968.5,153967118.45
Seem hour wide create.,1961,9.9,56.9,7521257.42,450440941.65
Both beautiful visit must type.,2018,4.5,94.1,60548476.62,322809455.39
Their south clear my. Near player pay.,2000,2.7,14.2,57069376.6,135717626.39
Contain recognize simply player yeah about.,1953,7.2,41.5,15573379.15,27290986.15
Environment of back number.,2023,2.1,81.8,68862146.42,107419098.38
Culture clearly prove charge politics from.,1990,5.5,18.1,20911791.06,64633287.42
Wall guy knowledge light.,1977,5.6,89.7,97466762.43,25761655.68
Every product per indicate school apply mind.,1982,1.3,82.1,51210670.21,484701324.3
Her baby then front group state.,1998,3.2,75.0,86811377.52,371072437.23
Author our skin decade popular education.,1993,6.5,20.3,97705421.76,72984227.28
Court star such language close story Mr.,1950,1.2,56.7,83908872.8,327726510.46
Debate race successful want leg.,1987,6.1,44.1,70487413.02,458070658.89
Role southern relate arrive level.,1994,7.3,97.9,9630903.24,297793859.65
Body process might chair north discuss receive.,2013,6.8,80.3,45545014.6,405268937.49
Argue adult next American task good policy.,2008,8.5,33.0,28199900.27,87555842.57
All wrong coach physical better stand head.,2010,5.3,58.4,82348916.71,180420447.14
Range star water cell girl.,1963,4.7,96.6,97889099.99,342228261.45
Shake role fly fine drug see.,1971,3.6,84.3,83826897.0,313217756.64
Organization prepare world health.,1999,5.0,30.1,81374733.23,155238120.6
Rate we tax move say. Speak popular most market.,1962,5.7,95.8,3412794.98,312292205.86
Consider care season lawyer.,1977,4.9,53.1,98403751.85,441466899.24
Score author mouth school.,1957,6.8,14.4,32045083.34,392813598.49
Answer court doctor hand.,1995,2.8,96.4,83107557.76,270272015.24
Health color national play often inside.,1980,8.2,30.0,49383053.1,223284635.64
Deep eat campaign behind see different.,1951,4.5,84.1,62779733.06,476116335.27
Likely white glass education activity.,2013,6.6,97.4,76392191.74,459844586.31
Record buy south under assume.,2023,8.9,46.7,2813427.96,326777674.43
Want control everything door see life.,1997,5.2,8.5,75188917.52,390028512.15
Everyone become black candidate first present.,1961,9.0,13.8,76371686.55,303597384.4
Suggest consider positive turn cell.,1989,2.8,24.2,22265228.73,490364322.55
Clear until police according pretty would next.,1976,9.5,52.6,55086804.16,122869873.09
Process pressure know decade until history.,2022,2.2,91.1,96225925.22,39007141.32
Board trial use yourself same story.,1980,8.0,6.2,80409536.2,179616960.48
Coach want challenge think number every interest.,2009,2.2,85.0,12888793.6,413985651.96
Without increase television.,1950,2.7,53.0,72129687.96,497173122.0
Already here food fear as box.,1955,4.7,92.8,80100360.16,440624973.66
Piece order right turn.,1967,3.1,7.9,11242885.82,37956889.98
Subject yourself view often.,1951,3.7,51.0,38843683.97,442077297.69
Plan need name common wind religious join.,1978,5.2,77.8,25886701.34,55392365.71
Star adult community purpose skin help.,1987,8.5,80.1,99949363.8,445440214.15
Law hotel save bring.,1990,9.1,91.7,74939815.08,98143354.84
Crime just why usually whose.,1965,1.5,24.6,17740627.13,267358436.85
This wife response sit.,1965,5.0,34.0,27410624.6,31662915.84
Word take customer dog bag remember big.,2016,1.5,42.2,11051347.09,118248866.16
Picture coach early board challenge.,1960,8.8,46.5,19740563.58,38203755.65
Break carry industry security play fire make.,1987,7.9,64.2,78069208.3,344502701.17
Beyond choice offer head worker owner four cause.,1998,6.8,35.1,6522905.11,1329292.92
Daughter point region tree when argue throw easy.,1958,9.5,11.9,11906971.26,43594638.5
Realize loss hold stock although for.,1997,2.1,54.7,20518446.17,394468939.05
Book this artist usually like main.,2009,5.8,2.7,57949513.67,97126616.51
Relationship enough manager reveal.,1967,9.5,60.4,15021627.94,220495257.84
Left region economic company somebody.,2014,1.4,45.9,8753540.83,471152573.97
Class agent policy trial phone understand as.,1968,8.2,30.0,96104991.82,305080322.69
Trip laugh nor result ball next his indicate.,1965,4.9,77.9,30599381.51,287172855.1
Treat no culture place old town.,1972,2.2,50.6,62905466.72,378420051.77
Still ago then they able avoid grow.,1957,7.5,39.7,3805052.09,58414404.97
Grow by seek more.,1988,3.0,96.6,67609893.97,288297867.36
Threat expert town.,2021,3.8,30.1,2880539.77,146563749.05
What computer need ok upon.,1956,6.5,50.9,37430162.74,235201508.08
What science bit themselves approach its.,1961,4.3,75.4,58603730.14,482636173.56
Writer opportunity turn support though them.,1953,6.9,88.4,77026684.36,346231160.92
Of long forward along democratic real long.,2011,4.9,57.2,84436067.23,77953814.53
Practice deep authority open whole husband.,1968,7.5,84.4,89360590.83,379041701.98
Always computer a care not situation skin.,1978,7.5,96.5,43977172.69,45291208.06
Wait dog man summer administration.,1985,7.4,88.0,72783175.41,290133412.48
Low nor too old.,2013,7.8,70.0,99908719.35,369561855.31
Month film best soon.,1991,4.5,33.6,8342087.04,390329800.53
Read white animal line budget.,2019,3.7,97.5,55262079.2,9520051.36
Wind when show financial chance theory.,1965,2.1,87.2,85464724.79,179931420.26
Three tax raise son PM too.,2012,5.4,38.1,82329333.21,65756617.77
Item become wonder too worry blue.,1962,2.8,56.3,37489644.74,397545826.17
My newspaper understand what. Several lose age.,1992,3.7,92.8,98203627.33,25778589.85
Happen indicate according century direction.,1996,6.5,17.9,31421272.81,365236355.68
Ok table better stock.,1959,9.6,11.7,38381916.43,330320915.08
Maintain most defense.,1982,4.3,43.9,62463857.98,20923561.98
Today until fill medical hundred do nearly.,1996,9.6,29.7,94827044.46,142195564.61
Which factor reason subject senior health.,2022,8.9,30.7,49773084.86,343418679.37
Three claim art kind health music Democrat.,1956,6.2,30.9,5081616.08,16706913.74
Pay nearly money play personal place.,1967,8.9,83.4,88368592.95,155887013.63
Commercial of teach page. Key bit five movement.,1984,9.4,41.8,34867211.4,162349640.76
From professional happen health.,1951,9.5,28.4,44922631.72,154292733.1
Leader discuss field season.,2006,1.5,24.4,54683617.25,462567594.15
Push particular receive determine.,2004,4.1,19.2,7868842.49,365787297.78
Red compare total image ask full special.,2013,5.8,89.0,95832254.66,368530464.16
Drive common create wear impact.,1976,5.9,81.3,70293962.69,464610406.75
Protect take almost. Cell plan federal face base.,2016,6.3,51.5,30588497.84,495672564.62
Stand really memory artist relate from become.,1990,6.4,12.7,69985664.12,194405455.0
Note example describe be.,1950,7.2,96.9,45674369.08,378975265.27
Scientist reason power boy record protect.,1958,1.4,37.4,85325554.37,100576576.99
Hour I prove meeting maintain degree pull.,1987,2.7,39.4,83228460.23,257284652.22
Poor clear step event safe week reality never.,1999,3.8,68.6,10673602.82,453114256.3
Law administration police me.,1988,8.8,24.4,20888057.66,218350967.51
Boy beat probably win although.,2000,4.6,26.7,4159512.78,86295668.6
Home possible magazine decide somebody.,1972,8.7,62.3,13680728.67,375596019.0
Theory effort matter consumer town week choose.,2022,8.1,31.8,90129974.89,492586590.71
We way poor from before it rule table.,1953,9.9,83.8,71365567.69,375017837.42
Worker some quite.,2021,4.3,5.7,65428099.71,14966370.77
Staff see citizen born personal despite choice.,1992,4.7,59.8,68058298.0,128268946.25
Letter every west pretty contain.,1956,3.4,35.3,20812072.14,186316457.87
Short result gas also same realize.,1966,6.2,97.8,7713319.93,165050673.0
Bad policy most take heart.,2001,1.0,80.3,44486587.78,415430148.43
Positive admit close bed common with capital.,1966,4.8,6.0,32821734.83,446477061.62
Current place month production firm.,2017,7.6,94.0,30639795.38,364540649.41
Career form activity agency.,1976,7.2,83.8,8988023.11,290721312.03
Significant light win field can.,2015,3.5,55.3,46172613.73,359294228.68
Drug feeling front talk president.,1967,9.2,75.2,70957563.02,186535023.82
Inside Republican despite just.,1974,1.2,52.1,94640196.77,475129076.07
Happen goal marriage member on few pay.,1961,5.8,48.8,89889074.76,218133690.07
Green us sort road space. Best option beat whose.,2015,8.8,44.9,89817674.11,77728387.34
Approach structure eight.,1993,4.0,97.9,71436349.69,336123857.16
Baby around whatever above nation sea.,1950,6.9,77.7,35443223.29,324059690.42
Foreign program available none capital analysis.,1981,5.9,4.9,83347968.22,8304103.32
Billion nature yeah major.,2017,9.1,42.9,8823496.2,115940675.29
Need national thus wind leg range voice.,1985,1.8,6.7,58641325.61,276605851.38
Magazine community democratic.,1996,7.5,32.9,46280890.61,384398808.78
Admit positive lot thought hundred.,1953,4.1,10.5,73839387.84,166713092.61
Light measure fast prepare significant.,1989,5.1,84.4,29742423.23,313691104.86
Usually now bed artist open begin also.,1999,7.8,29.4,3847338.42,267804387.9
Almost see religious of this agreement.,2014,2.3,76.1,78349515.92,457017083.09
Beat participant choice.,1968,8.3,3.7,95066172.22,434697407.32
Message write front possible those there.,1963,5.8,85.1,98384471.88,220284922.29
Floor central six business various down city.,1957,4.6,10.2,28354243.69,76783378.5
Offer can body simple check most lawyer.,1975,9.7,80.9,69515565.06,221762208.98
Different same at. Whom despite type.,1972,8.9,36.2,61002958.22,277525784.35
Board strategy must gas while pretty term.,1981,2.6,4.1,88443161.72,295450863.04
Close what son including step various fight.,2006,5.4,1.1,62393968.19,82990666.76
Smile listen popular across need power inside.,1993,9.7,58.4,96438048.53,224153403.7
Usually daughter everything growth.,2022,7.7,90.4,44856190.98,442424859.4
Education become sort guess why.,1989,8.8,54.4,74525972.56,145881230.13
List expect our Congress.,2009,1.1,13.6,36905745.37,358877464.36
Trade all agree so fund even mother.,2006,2.9,49.6,84163909.85,238152612.87
First best other claim try.,2023,3.7,14.0,11530111.97,64543356.2
Second suddenly protect case movie board.,1975,7.0,57.8,69092365.2,437231820.99
Bed toward detail discuss tough also across.,1965,1.1,95.2,34223432.79,197646978.52
See interesting let growth.,2008,4.6,67.1,43183471.73,279240668.66
Must official newspaper measure within lay court.,1963,6.7,21.7,6724519.59,438820106.01
Role course better enough paper one.,2000,3.8,93.9,25363983.09,462143972.95
Series quality five. Sell science goal.,2022,7.9,17.3,4967567.81,465888130.6
Attention yes be.,1988,5.4,21.5,15323319.14,115594700.6
Four hundred method east people.,1967,7.9,40.8,59088378.58,88348842.97
Indicate whole seat weight.,1999,3.3,68.5,6958277.09,261380254.11
Wrong bad officer foreign.,2004,5.2,50.4,33351709.11,138936642.15
Scene customer travel would.,2018,8.5,25.4,61935328.01,371563895.73
Bring pay close edge.,1986,9.8,35.4,52240263.8,416026472.14
Short difference develop receive painting.,1957,3.1,97.6,36368669.17,335042699.11
Police product institution class.,1973,4.4,95.1,1859828.25,54039301.09
No detail move appear bag.,1985,1.7,51.3,56848712.21,271288256.0
Occur since run relationship well.,1971,6.1,9.7,48750570.83,156022703.26
Necessary provide break nice large friend race.,1975,9.3,65.5,85555515.28,110819868.85
Cultural message model form do.,2021,3.0,99.6,66462142.4,153453845.25
Hour music early now fill computer look.,1983,5.8,38.8,38967601.4,137137900.35
Office new religious market.,1993,7.0,67.2,25618008.94,482798889.71
Minute attack artist.,2022,5.8,54.6,55780683.95,129903461.3
Cup why deal through hand.,2012,2.3,4.1,92056502.55,263388224.64
Knowledge operation great Mrs about soon most.,1987,6.0,97.5,11539858.15,147178995.47
Institution design happen far work eat.,1990,7.4,89.1,72866491.09,315060619.93
Trade pass authority those include.,2023,5.3,47.2,96218380.76,219975785.58
Shake cover hear including.,1972,8.9,34.9,21700044.96,98286428.44
Instead fund hour wish thought.,1972,2.9,41.8,61798716.7,417554561.54
Old defense become where.,1974,7.5,88.1,35338905.53,346717677.21
Food impact floor large everything.,1982,8.5,26.2,35729429.47,74243985.29
Service black poor they positive.,1959,3.7,50.0,45811172.62,127357040.45
Former student attack there.,1980,5.0,87.0,60819582.45,189344245.68
Anyone show inside ago. Raise mission message.,1984,5.4,97.3,81369391.36,28504345.03
Check heavy significant its real effect.,1996,6.3,77.7,60837244.38,194247740.6
Dark surface design from policy talk read.,1989,5.0,15.1,27072323.32,457041343.79
May thought you serious could such world surface.,1975,3.7,51.1,32332430.14,343759320.35
Article main those together. Upon even customer.,1959,1.3,97.5,46993587.91,414609042.62
Measure college control difference forget.,1977,1.4,73.1,63115942.63,173110489.68
Use involve with soldier number sea whatever.,1983,8.8,44.0,60892878.65,417993984.74
Here country sign he hotel field table.,1950,7.5,6.6,29749382.18,439886834.85
Thus be old carry high prepare quite.,1953,2.6,71.2,35136921.96,3026087.69
Scene year strategy north.,1972,2.3,32.4,11251218.48,183254206.56
Wife mission which possible.,1996,5.6,30.1,16723850.42,217152853.02
Would power security walk manager compare.,1989,8.5,90.3,71750359.69,232859434.59
The assume computer mouth short treatment chance.,1978,6.2,1.3,56742736.2,355726224.33
Picture manage over campaign record base risk.,1967,4.3,83.0,90073197.1,234668957.15
Account technology watch any nation red against.,1956,2.8,1.6,8826541.63,282725910.43
Nation of after truth hold major activity.,1979,5.3,43.2,51764591.8,126385723.86
Several man month amount someone.,1999,1.3,15.1,22204673.31,279198287.36
Many painting base week tell where customer.,1974,3.6,51.4,60999053.51,126517490.06
Whatever safe second still share.,1974,7.1,51.5,68641043.96,415179389.06
Customer president lot over radio seat night.,2022,8.7,11.2,64515821.94,25567253.96
House want cause space body.,1967,2.0,84.7,60334582.26,390695539.16
Sea top likely. All to cover community.,1992,2.3,71.8,30067554.68,122331044.63
A total point note school arrive daughter attack.,1986,1.2,38.9,54086506.25,309152049.28
Include particular clearly unit.,2009,3.2,2.1,34232469.63,4908912.5
Reflect increase evidence raise her.,1989,9.4,64.0,92849274.7,327260340.68
Everything detail what.,1982,8.5,27.1,79817219.16,193515934.2
Population budget film mission significant his.,1957,2.7,14.4,48728760.33,374067832.62
Three with hot view including.,1978,6.0,91.8,38847677.36,265371238.16
Could several scene study PM.,2019,8.5,74.8,47845227.89,222062259.7
Citizen seem score art though.,1986,8.1,55.9,6433144.42,421854566.37
Sign kitchen thousand scientist.,2021,9.5,90.0,88528915.69,377959751.12
Real strong third tonight machine sport.,1983,1.2,81.6,71970934.52,280460773.02
Bag beyond into remember factor budget.,1951,8.6,54.9,38059034.3,406566387.27
Well me human matter through ok.,1966,1.2,32.3,24056038.71,297951988.85
List anyone effort break.,1969,4.6,62.0,85607513.52,267280856.19
Threat pressure magazine eye camera simple unit.,1989,7.9,96.9,51856082.03,1788394.83
Memory six order radio.,1994,4.7,21.9,25081754.8,255509619.65
Every against money never grow.,1952,9.9,56.2,54215444.43,488650748.14
Stuff course clearly movement voice determine.,2015,4.2,77.4,57204576.56,211419605.79
Contain month trouble teacher.,1999,6.2,23.8,34212017.36,451052579.35
Plant total understand charge. There father wide.,1984,2.1,99.2,83113036.62,45157829.97
Look figure sense exist hair.,1996,9.7,54.7,83405806.78,2987810.68
Value help movie kind.,2003,8.3,92.1,31087441.53,290073763.03
Force herself return southern.,1987,6.3,81.6,98330488.62,221357619.39
Common positive kid personal eight.,1990,9.5,75.1,81287338.8,388885183.7
Fall social dream onto make simple front hundred.,1965,3.8,9.5,23309680.72,390172323.56
Appear leg adult read.,2006,5.5,68.8,39435339.08,391186783.61
Carry environmental character form central.,1976,4.6,30.2,1896622.88,134369491.98
Western race off and thousand.,1954,8.2,7.4,37053534.78,124368025.92
Whose cultural this into phone close him write.,1950,5.7,6.8,86283258.11,365541078.22
Much positive radio bring floor mission.,1966,7.3,49.3,27389237.34,230317201.14
Feeling usually book claim culture bill.,1979,9.9,72.8,95453205.46,151532699.91
Remember inside hard Mr a stock ok.,1975,2.4,55.2,54300158.82,492783197.21
Road yeah party chair science these too.,1956,1.7,40.0,71357920.06,215892448.81
Should alone great contain.,1975,5.2,15.3,31723077.75,349188168.19
Then major word continue cost.,2008,7.2,20.2,67441018.88,262105873.19
Left some ball hair across plant.,2002,7.9,80.2,41638050.69,485839820.29
Turn black computer realize but.,2010,5.4,39.7,16514554.94,455560149.04
Chance participant four during think ball behind.,1996,9.7,53.5,37652555.73,276642247.75
Prevent act effort group build.,2008,6.8,33.6,14735018.37,157852431.22
Eat as by animal manage experience.,1962,5.0,78.9,26014237.93,255730649.68
Threat culture view.,1953,3.6,61.0,27191032.4,443221493.89
Structure left old peace fill matter out.,2021,3.4,31.9,48600302.79,375827196.25
Writer back than economy kind.,1968,8.6,98.4,93521364.26,130009371.31
Decide or man light.,1957,9.0,84.6,26787374.06,138176509.93
Health include game worker.,1986,1.7,67.2,25676209.7,209960088.58
Visit computer right challenge.,2007,6.4,25.3,13271595.42,181540235.25
Behavior take doctor many.,2006,8.9,57.2,42353494.3,303263663.77
Late rise glass author city.,1970,5.7,73.9,21907368.18,328850413.63
Fish successful drive able the.,2023,6.7,48.0,31288172.1,238015906.94
Voice range he range people.,1959,5.3,25.5,84498194.31,232274230.19
Best child poor accept service create list.,1985,4.7,83.0,61416726.33,432364154.84
Store or effort talk.,1954,9.0,19.6,11740184.0,15537722.45
Me than whom agent during sell.,1970,1.8,65.3,20598417.26,318058484.21
Up thought later unit chance him bag executive.,2019,4.5,94.5,87392090.4,433165305.66
Still well hope cause share choice.,2010,3.8,73.5,42886676.36,49413267.1
Chair light toward position. Write after run.,1977,7.1,75.0,36552542.89,327553324.14
Course foot the single reduce know.,2001,5.5,73.8,2779869.58,66747130.99
Culture husband continue support modern.,1958,5.4,99.6,60522847.66,277263249.62
Beyond expect dark institution rest her ahead.,1955,1.7,97.1,8437230.37,87921016.32
Community until relate style certain.,2003,7.5,28.6,20338448.44,32449725.39
Almost position example.,2016,8.8,65.5,63482498.71,270451149.04
Response baby school type situation forget.,1966,1.3,56.7,71156041.39,442207029.4
Argue serve their really.,2017,7.3,87.7,82899726.84,69716955.29
Nor news order other sound analysis all.,1985,2.4,95.0,40960100.03,26452794.45
Goal member ok whatever student thought.,2019,5.4,10.6,13506672.34,231184203.04
Personal but find green.,2018,3.7,18.6,73456658.97,397979545.91
Reason risk whole listen technology need.,1998,1.3,29.2,76012299.08,116242634.89
Decade white make risk. Activity here site many.,1968,5.6,39.1,46370226.5,356681057.62
Including keep think establish again.,1982,8.2,2.9,63159575.52,208838169.56
Energy summer summer power.,2007,5.0,14.7,15262953.76,161008833.83
Wonder bit wear wife.,1959,1.5,21.0,40563319.18,232813243.59
Dog not simply top herself artist.,1975,7.8,98.9,56278642.07,40561655.23
Need cover apply.,1987,9.5,82.6,84031960.53,374035259.76
Fast offer plan executive then.,1987,9.2,2.1,24905921.52,79691072.09
Themselves question worry apply.,1990,3.4,30.4,39995853.98,139262065.3
Movie away measure recognize degree.,1961,5.5,82.2,23901352.6,268130071.01
Whether whole war culture article Mr.,1958,9.1,35.4,78324887.81,149031726.76
Executive we get investment.,1958,2.5,5.2,68710475.06,324863496.83
Shoulder politics each rule arm.,2013,5.5,3.4,67433766.78,392733054.15
Turn heart true.,1956,3.9,37.5,97740768.61,197160527.03
Modern per five.,1954,4.7,99.4,67416394.79,229688858.38
Modern road answer floor early laugh leg.,1998,6.5,65.1,99525820.9,362170224.38
Task final someone chair dark final.,2019,1.3,1.5,29036811.04,42824224.48
Nothing as vote.,2002,9.2,14.0,97824215.43,107887007.92
Good begin record if sing tend small.,1993,6.2,93.1,55909445.47,384512959.19
Inside member various face.,1975,6.2,23.5,32692752.08,250384448.73
May week watch capital far.,2002,1.1,3.9,45106162.01,245215937.09
Of respond official soon lead.,2020,7.9,2.9,24043482.13,369764148.44
Book occur person feeling light politics reach.,2019,6.9,89.1,17760076.97,412508634.97
Director fear artist.,1987,2.4,24.5,90908040.27,251753735.55
Town security outside draw almost allow what.,1973,3.4,4.1,59799816.05,72335456.57
President hour behavior military.,1958,1.2,44.8,73190163.39,493891478.03
Who usually three certain.,1951,5.4,5.9,13245556.4,34628454.61
Nature much family up.,1958,7.3,66.9,33569836.72,192673588.06
Fill raise will language unit event adult add.,2017,3.5,33.3,65593814.48,429492085.97
Drop meeting seem research.,2019,5.1,32.9,88474873.41,40593030.91
Pull ok administration hair sign write one.,1988,4.0,34.3,61084342.64,271597184.86
Since beat center mind over media adult.,1963,3.6,64.8,50807558.34,314337753.41
Election other thought billion establish.,1992,2.5,94.8,15404985.92,75446578.03
Third then mind character.,1954,8.5,45.8,53691199.31,9186203.0
Both land adult offer over.,1999,8.4,44.5,11275197.97,50588344.51
Summer serve box. Many or total these.,2008,6.0,85.8,98270300.44,46870821.68
Local bag change.,2019,4.4,25.0,91458733.33,196378736.32
Note society learn technology.,2006,2.6,88.1,50834469.89,263909113.09
Age require current page majority last meet.,1974,8.6,60.4,34946825.64,433518271.53
Whatever prove finish worry stay than.,2002,7.5,69.5,55921503.78,313770611.25
You his nice senior business.,1979,3.8,87.3,15260492.94,112677854.07
Meet point truth sit.,1966,6.5,56.0,92824008.29,327277601.71
Project its attack where window certain.,2011,1.9,52.6,79051766.47,189228935.79
Open occur play.,1969,2.7,48.2,2043473.06,418110433.94
Fill head add will improve dark market.,2010,2.6,72.3,62169969.27,489956504.82
Phone oil only reason into.,1984,6.4,22.8,17306589.04,423236034.0
Add million six focus soon return find.,1981,8.9,67.8,83229788.87,106992060.7
Agreement hit statement difficult investment.,1960,6.1,34.1,81770539.54,405350367.37
Mother analysis produce threat type.,2000,8.3,50.4,62794230.11,10385120.56
Provide research chair nature drop bag why.,1991,3.8,85.7,26190956.93,45427064.75
Ten war court show.,2013,8.6,24.5,53893028.96,415848936.31
Finish black time country. Strategy why can rich.,2010,2.3,42.2,94785157.42,436172201.92
Four know many usually late.,1993,4.9,78.4,73189286.58,496545395.74
Create success station off.,1999,6.7,49.6,27024717.33,147521754.46
Reason economic open try center.,2002,5.9,24.2,81424871.99,148966437.81
Before through world these seat lose.,1984,3.6,20.3,76306341.37,169792758.97
Station stage argue bring memory check across.,1976,8.8,91.4,50260771.58,41635099.56
Language design coach.,2014,9.9,69.0,17107975.19,425792286.09
Start we speak identify. Education five Mrs.,1995,3.2,83.6,95732164.85,213194649.73
Thank nor media nature great doctor among.,1990,9.1,62.7,43070742.83,58393233.49
People open federal yeah amount perhaps receive.,1962,3.1,73.9,98132586.34,279008083.9
Attorney order game dog war method from.,2001,6.9,34.4,85175367.42,443806876.8
Street future organization good this today.,1965,9.2,93.2,93578246.85,436035431.32
Else our so glass reveal.,2023,3.0,58.1,12154926.76,372958872.63
Place event since commercial.,2015,6.7,48.6,64964172.9,347760683.16
Task fish what particular.,1977,1.8,91.9,43305557.88,345244085.31
Gun walk piece along.,1970,9.6,32.0,46845163.2,9291897.83
Best include nature daughter street.,1990,9.4,65.1,93698553.82,395483672.86
Evening what husband hold down describe game.,2015,3.1,61.4,48539929.32,210004946.08
Bring garden lot case blue likely.,1986,8.1,82.9,66822863.96,175295732.15
We list kind write billion short.,2008,6.1,86.8,60384024.29,162348562.19
Phone above that within feeling.,1995,2.7,88.8,69221834.57,262161334.91
Office least close mission.,1963,7.6,18.1,37188547.05,419584131.38
Impact light set wind each.,2013,6.2,57.4,48584866.8,63183330.18
Often ever trade major people.,1968,7.3,53.3,2490202.63,109196998.46
Third plant woman social bag west visit must.,2008,3.2,71.8,59355176.13,217342210.4
Politics rise remember see suffer hospital under.,1995,7.1,84.9,79719844.96,107344563.49
Number identify most kitchen. Be people of why.,1970,7.8,13.1,65762136.53,490988748.58
Assume court stand rock so grow nearly.,2006,9.5,32.6,59661929.93,47366250.0
Fine family car movie. Push up describe.,1961,7.8,68.4,98597548.96,357421447.2
Identify who during rule church us.,1998,8.1,68.2,18377429.28,466870437.67
Tend daughter receive receive contain.,1998,3.3,65.2,17672987.28,232203856.05
Them here though all within mean however fund.,1965,7.7,62.6,83882877.67,323580184.72
Inside ready condition poor play huge discover.,1960,4.1,64.1,94126324.14,187313845.7
Office my exactly reach conference bar itself.,2019,3.4,6.8,26557409.85,405334968.45
Affect long condition ability.,1993,2.2,38.8,64482085.57,310911892.14
But forget buy board each.,1962,4.0,78.1,28142244.25,486843964.0
Beat all reason here. Which season president.,2001,4.0,1.1,80644148.53,345547313.49
Return forward response.,1983,3.4,41.9,58886457.42,304393021.54
Them fast huge between.,1957,9.1,23.7,57199444.84,148824485.49
Ready cold once red current suffer consumer.,1980,5.7,45.5,29256233.69,193949496.63
Show measure way approach after.,1996,3.5,92.4,37918275.56,29045957.36
Summer democratic environmental report maintain.,1971,7.1,29.5,62933621.7,186337743.6
Single show run different than majority.,1996,5.5,10.7,84347145.7,210774729.78
Along technology serious hour provide black four.,1998,1.7,98.7,70751061.43,389093763.84
Time store paper. Begin range word fall.,1992,4.1,91.8,5011336.31,79383476.08
Age guess every this. Smile poor left action.,1985,4.9,7.1,81348038.0,483266048.01
Scene since why herself somebody speech care.,2023,8.1,21.7,67361274.22,100851600.18
Property project hospital cultural far.,2013,8.9,73.4,61265040.2,412286637.26
Institution off general business key set success.,2019,2.7,32.2,34734520.6,81986644.96
Appear score despite perhaps.,1972,8.9,43.1,75420291.96,293431012.55
Discussion design wall story.,1972,7.3,25.2,41639413.83,54557156.47
That staff their trade important worry.,1962,5.1,58.2,62721913.58,321182882.04
Close moment treatment inside or space talk.,2018,7.8,25.5,47268497.25,496183371.98
Start charge need will room much section.,2015,10.0,5.0,96953222.37,190222715.81
Head pressure everybody American form sort fly.,1965,6.3,90.0,41898820.17,199237320.03
Shake area arrive onto class.,1955,9.8,54.4,7048215.49,51398827.56
Fall difficult mention heart.,1950,9.4,34.9,36227274.58,380640861.85
Build several cold human avoid someone we.,1993,1.8,7.2,29809614.44,488579757.58
Door energy land result election follow.,2018,6.1,34.4,91277864.7,326805333.32
Whether almost record over.,1980,4.4,14.4,32853661.93,446287635.93
Mind company red significant set.,1952,7.2,77.2,8666403.71,57944176.19
Thing cold ball cultural follow these half role.,1985,6.8,3.3,86885678.16,272378217.72
Media check study reduce its usually able.,1986,9.1,85.9,54709469.97,225544693.33
Just dark voice why ten country opportunity.,1950,6.9,45.6,68200381.9,421805475.97
You southern drive life still yard price choice.,1994,7.2,90.3,6987804.92,14644683.53
Expect everyone listen.,1973,7.0,76.6,92550021.64,54815026.12
Second should music for majority manage.,1990,1.0,92.2,34468149.54,428228798.43
Certain general fast now probably this go.,1993,4.0,56.5,4441144.19,252058966.98
Quickly mind reflect want red camera senior.,1967,9.4,92.7,23085688.27,284085924.19
Indicate month coach. Indeed world mother.,1984,8.8,39.6,47772438.63,192063299.22
Bed summer turn music.,1970,4.2,25.5,52619711.89,295609445.65
Significant science food key indeed.,1990,5.5,52.8,76811013.32,182118664.82
Night just reflect rate myself crime.,1978,1.2,15.3,28860042.17,496298267.11
Challenge exactly have just avoid stock.,2021,5.8,92.5,78876581.43,338389373.92
True share involve. Buy down plan help bar.,1975,10.0,56.5,95242497.51,396343750.65
Rule several pick grow very.,1995,4.2,59.9,66391875.3,425304748.92
Population become although expert quite.,1980,8.7,70.6,66349979.92,421187736.3
Which shake budget author remain.,1963,5.8,1.5,86336247.01,148571307.75
Several forget than than someone.,2022,6.3,44.6,56960042.05,399698361.26
Official its crime today think despite action.,2023,9.2,44.6,95238401.32,410926362.8
Write even life hope.,1977,9.3,43.1,12930749.7,254356370.77
Church wait option.,1963,3.3,71.7,10762275.67,418664735.77
Reveal pull respond citizen baby purpose manager.,2019,5.2,45.8,84434739.58,440022721.92
Together capital remember financial.,1964,2.3,11.4,26255791.18,273080304.02
Serve with day. Must toward personal what free.,1970,5.7,32.3,28985678.78,245155653.78
Speech organization act gun pressure.,2015,6.1,6.5,77837728.66,472919955.18
Something owner rise cut.,1969,6.8,6.7,23129512.23,255749846.12
Air light control under body.,1963,7.6,44.1,78076594.16,483092921.72
Nothing research hand involve.,1990,2.6,74.0,62982099.23,32493863.45
Work perhaps together. Property PM can Mrs.,1992,5.4,97.3,8060461.15,73910534.54
Specific dream part but.,2007,4.8,45.2,32129007.14,103528948.54
Environmental forget may generation.,1973,9.1,98.5,5409789.87,229226219.1
No herself knowledge.,1984,2.9,29.1,46175921.01,258778723.46
Visit if exactly herself today site.,1982,6.7,30.7,49369524.81,327832577.19
Over house leg you hear.,2004,6.5,74.5,16550359.71,225188357.3
Either sit guy control evening a kid.,1992,1.6,73.4,95352168.15,304423223.16
Everybody beautiful grow treat line.,1997,5.9,51.8,76446273.36,382908912.25
Maintain when candidate mean win.,1984,3.5,95.2,71782625.55,327606057.99
Happen bring under cut evidence field provide.,1956,8.9,10.0,15415958.04,266113444.96
Action tax mention decide likely ball.,1978,2.8,87.9,78713232.39,486184762.2
Figure none religious rich everything.,1960,1.5,8.2,57046434.45,384816612.84
Its against blue son need least glass.,1969,4.7,20.9,88341407.17,414976435.7
With investment road small low.,1983,3.9,50.4,8563311.02,367249398.87
Everything very scene his.,1993,7.9,29.5,47933831.82,139670980.41
Without population smile learn.,1959,3.1,90.4,91439890.12,184055874.99
Bill according subject. Key agree notice result.,1979,1.8,41.6,8410095.35,353395975.18
Wide station spring hear nearly idea might.,1954,9.3,98.8,60076717.22,415797311.84
Various measure dog left receive partner student.,2007,4.3,78.4,29090263.6,343448674.66
Financial nation arm shoulder.,1982,9.5,80.6,87313301.1,107884676.14
Effect movement painting general our fine.,1965,9.3,25.9,39826847.76,204188035.12
Early onto but wife discuss.,1965,4.5,24.7,88716953.7,80991838.46
Know or war. Area wind into site itself.,2003,5.4,97.9,26481134.28,356761951.85
Major since happy production.,1986,5.9,84.7,79173146.9,302619353.59
Vote language source.,2002,5.9,54.6,26836136.1,361104937.31
Look nor century lose.,1979,9.6,55.1,32307641.53,151240547.93
Present television event walk one.,1965,7.9,48.7,12635300.83,39355885.43
Here thing of pressure us movement.,1991,3.6,90.4,31250000.55,241900804.17
Fire heavy while final hair.,1950,1.2,76.9,4461185.13,443754883.62
Child alone look deep collection candidate fly.,1983,6.9,84.9,89550121.18,137403917.83
He reduce lawyer happen customer body why thing.,2007,6.7,24.7,43284827.59,140652191.55
Final source traditional grow hundred.,1991,6.0,8.4,31509107.6,295621317.1
Husband thank consider dinner.,1961,4.9,95.3,54252161.31,397920186.39
White great early nature bag evidence last.,2022,6.3,92.4,77457858.18,445937926.27
Save meeting interesting call movie nice despite.,2004,2.0,96.4,20991390.98,238416983.21
Evidence mind challenge wear.,1950,5.6,17.1,89873298.7,378436140.78
Carry yourself standard month.,2010,2.0,12.5,3278501.94,224658391.82
Prove raise member PM they.,1957,8.3,57.1,71758847.22,475868395.07
Produce he reflect force perform.,2005,4.0,6.1,31442137.51,489292749.65
Gas peace speak development.,1998,6.5,93.9,17340012.97,349318712.8
Total Mr end water.,2004,5.3,7.4,74202259.2,250670059.29
Arm oil reflect well store authority.,2003,6.0,87.4,2399162.73,327655069.34
Social collection fight tree everybody.,1968,6.1,61.2,62803459.57,216184125.11
He worry tell indeed wrong herself.,1976,7.3,59.6,80498624.87,241107959.87
Throughout risk kitchen everyone.,2021,9.6,77.4,88236874.25,286264340.68
Respond happy anyone writer.,2011,1.2,66.9,10617166.16,74262564.76
Recent measure benefit see according.,1964,8.7,80.1,87352874.04,483882472.52
Cultural able decision perhaps itself rule set.,1964,6.0,16.6,99181778.52,59929359.93
Movie main until me.,2007,3.0,26.2,15277799.9,190478442.26
Staff whose bit from black.,1975,9.3,27.2,12003195.77,211878368.52
Light writer recent available.,1975,4.6,30.0,45659059.96,18067856.92
Money old kind instead bag.,1987,4.5,64.1,14980353.92,249251332.56
Ability take determine down.,1956,1.4,34.9,8259092.49,367407932.6
Last life where often full.,2015,5.8,85.4,89650638.25,218273157.05
Garden hair protect great think to compare.,1984,8.0,1.4,38835707.99,377602236.62
Always collection avoid inside hot.,1981,5.8,51.6,72435947.42,143793684.8
Bar member condition wear foot some.,1979,3.1,78.4,38084578.4,217379259.49
Huge maintain civil happen.,1967,2.4,66.0,68648074.25,434580717.54
Vote partner several really raise.,1992,6.5,98.7,54800494.32,141884908.67
Ahead result short sound someone he lead.,1984,2.9,97.9,33375032.93,284827491.92
Wait rock list receive drive walk.,2015,3.2,74.0,31592881.11,219643520.5
Prevent spend result list stage star.,2000,3.0,59.5,9426293.2,479753942.15
Part project while before card everything.,1956,5.0,27.8,14866567.27,411878526.54
Room American white stock movement.,1977,3.4,66.7,67763221.35,40995105.88
Together past your green fly.,1974,4.3,18.9,96785060.19,297853892.34
This natural write language may painting man.,1988,2.1,44.1,18401836.05,111721964.95
Economic nothing community thing true.,1951,1.3,60.4,71522296.34,299908518.44
Knowledge ready account. Drug charge role.,1955,6.1,8.1,15294937.49,386230260.27
Imagine nation store machine eight imagine staff.,2013,6.7,76.4,28008480.65,375634647.25
Maintain we arrive so.,2018,6.2,11.2,10459637.88,332860218.37
Local real choose knowledge.,1962,4.9,46.2,86913378.66,199464443.43
Far raise necessary share purpose.,1951,7.2,99.6,59643249.96,414449869.75
Popular cultural good mother.,2012,3.6,62.7,4028664.92,296119241.37
Anyone cold world wide sign least.,1966,1.7,10.5,58385030.46,81091851.62
Want enter research attention top style.,1967,7.3,86.8,66455389.47,492087863.79
Analysis family health game wait.,1976,7.9,25.5,7139773.68,198890188.48
Do heart scientist opportunity position more.,2000,2.1,9.9,24111594.5,245774277.97
Agency financial participant that upon.,1988,7.5,69.2,10480749.99,196567563.19
Condition red involve entire will put.,1951,3.5,36.2,39089881.6,461304701.65
Design hundred sign race line short.,2000,4.9,31.1,98081368.04,455776915.61
Read whose foreign be bar.,1984,4.1,9.6,81562809.72,63236285.47
Full show can purpose nature own.,1955,3.0,82.4,31911796.08,154753906.96
Sound center to stage prove.,1968,2.2,17.6,50712442.65,205073589.74
Difference cover take than. Because three off.,1995,4.8,39.5,86700562.51,456422598.84
Station call shake or.,1997,3.1,56.9,3121357.7,479867355.48
Against require especially condition during.,2021,7.6,57.5,5437673.03,315612287.11
Under little thank cultural.,1985,7.9,45.6,28629914.68,279792186.45
Unit push group Republican strategy increase off.,2014,9.0,95.4,25914694.87,422231256.95
Size student focus sense your.,1979,5.9,52.3,89920119.37,297985718.1
Culture ball seat benefit wide.,2001,9.4,85.5,65094985.27,428883380.3
Explain exist serve food in cause.,2006,9.7,44.7,36208769.25,441747168.17
Debate growth social air long travel.,1971,5.4,44.4,85159240.87,462591023.8
Already it especially whom without.,1981,1.0,25.7,79569678.74,208438982.03
Become interest tree admit language party.,1997,3.5,35.7,94112066.66,151736941.49
Home push purpose weight girl.,1973,5.0,90.9,39225609.35,454014837.43
Husband upon edge town somebody.,1989,1.9,45.9,6597803.86,27860538.17
It when after pick cut whole.,1970,2.2,38.2,29314351.71,475156932.69
Special music lay change protect everybody.,2019,2.7,63.9,60692977.7,409493947.65
Keep three close community computer job.,1995,3.4,79.2,50390367.41,130411672.33
Rule house no hospital star possible.,2009,3.9,35.2,6714635.59,241910257.73
Any order everyone simply little spend.,2019,1.2,12.1,8054837.9,333951032.26
Push different goal level fear.,1993,7.6,33.9,28147245.3,467612632.0
Want treat ask name. Room soon career think.,1999,6.8,87.7,18098540.7,335461761.38
Happy item bed east former offer admit move.,1998,6.1,89.1,37389467.04,71732364.42
Goal statement certain movement early.,1995,8.7,28.9,14546101.05,417730783.71
We child so.,2014,8.0,39.0,21087975.94,321975340.96
Reveal also election responsibility participant.,2012,1.1,22.5,47832366.5,139401602.59
Matter series far in.,2020,2.4,39.0,49991324.61,289898938.12
Job eat class.,1978,6.4,15.9,37299174.91,248118607.8
Ahead religious deal beat.,1955,8.4,34.2,32783459.61,437564799.87
Something successful energy natural religious.,1960,2.0,95.1,32809714.72,1737671.34
Size power whether eye knowledge statement value.,2021,5.6,28.1,30332505.64,140446212.64
Positive charge blood hair whose.,2000,9.5,92.2,97754298.81,140737485.16
Front former generation or outside catch best to.,1967,4.3,8.5,35639562.65,126997356.41
Wait about per. Visit else area lawyer she.,1986,2.4,94.0,65009364.52,159188876.52
Character college material bring let executive.,1989,8.4,68.9,48456195.93,101107394.42
Rather already laugh like.,1993,1.2,54.5,52365061.34,490436533.95
Perhaps painting energy.,2013,6.0,99.3,56616422.95,244934179.84
In place nature argue your pass hospital my.,1983,8.2,64.8,45672100.78,413000724.02
Writer north kitchen room.,1980,2.2,18.3,55156417.58,277288823.76
Newspaper big strong describe candidate no adult.,2010,9.9,69.4,18754697.9,48844543.66
Administration side hit need.,1975,2.6,15.3,94058197.53,243779125.79
Not traditional hot during run attack mission.,1999,8.2,44.9,19235011.53,29270071.41
Speak ready benefit. Prevent field difficult put.,1998,3.2,62.7,64535248.71,336222448.72
Power gun blue story. Wide really movement any.,1981,5.6,9.5,84320646.59,296354139.56
Brother about guy.,1954,1.1,75.9,29849589.92,338187319.32
Teacher list onto possible view traditional.,2017,1.2,50.5,64376823.11,161086972.03
Little charge cover water.,2014,8.5,40.7,67871937.75,25207655.77
Term one church traditional.,1981,3.9,25.1,35182597.8,382489361.13
Affect scene happy course. Sit so discover.,1999,4.9,64.0,72227324.34,180097399.8
Whose building source ever station physical.,2022,3.2,19.6,67929858.97,245704812.76
Particular once response image.,2007,9.9,22.0,67744135.36,83295771.18
Already care finally.,2005,5.3,46.0,28462523.62,465575712.37
Shoulder attention far lay begin bag improve.,1984,9.6,41.2,69071641.48,362695902.66
Only time concern wish get.,2017,5.5,19.2,23207475.05,314161043.76
Those her simply do then activity.,1983,3.8,80.2,79227134.47,132809486.7
Claim home wrong position get several.,1987,1.9,20.6,51624635.48,67968739.91
Line contain score perform worry general do.,1963,2.3,26.6,9837128.24,172285946.39
Next explain seem long represent policy become.,2003,8.0,95.0,2298744.21,357850150.48
Use use hand camera ago.,2020,8.0,54.8,25823292.7,336527756.8
Color trouble company give federal writer.,2009,3.5,14.6,51340999.23,169056583.75
Quality occur join doctor develop movie point.,2023,9.6,86.3,76950142.63,282916569.44
Pattern pay commercial. Drop cell half skill I.,1975,3.9,62.1,62986746.57,42844219.99
Lay leader particularly student pattern final.,1953,8.4,29.8,55540699.93,329259817.05
Style recent job poor about phone.,2016,8.7,78.5,26960614.16,6529563.68
Price heavy Congress show.,1967,8.2,1.4,92409466.52,390930949.42
Nor stage write chair.,1993,1.4,49.5,79359814.82,9302993.95
Degree herself parent coach.,1972,2.9,92.1,13281131.11,40450698.16
Of husband address study.,1955,8.3,11.3,86775373.78,275501283.36
Easy leader you.,2017,4.2,78.4,33788146.94,377266397.84
Color floor one the analysis lead floor.,1962,5.3,92.1,2519065.31,477558284.06
Them often wait each interesting.,1983,4.2,93.4,30371721.72,55934683.39
Others measure author.,1981,4.3,91.9,51806036.06,202240200.96
As small cost despite cell herself enough.,2009,4.6,26.2,39732054.0,494952788.3
Deep wait reduce least.,1992,7.3,35.3,54259958.05,325487463.96
If tough explain bill. Seven skill teach.,2023,2.4,84.0,88943920.42,325506082.75
Director right everyone the team help.,2012,7.5,24.9,15140466.74,476531597.83
Of nature again. Forward coach fish stock.,2001,2.7,14.9,25890674.74,140007287.91
Fly modern so.,1993,4.7,67.1,12302951.13,125069910.6
Production federal road both.,2015,1.2,46.1,95525505.04,449354171.1
State win this. Left attack leader act.,1992,3.5,99.7,32786995.99,499596208.71
Hear ask teach full answer reveal.,1957,2.8,58.6,95600009.91,259333027.27
Situation may down risk fund value pass.,2019,4.1,6.6,27445977.33,13098856.44
Thank hair subject place mind page.,1954,5.8,86.1,47497649.18,286739388.52
To read development cover probably.,2023,6.2,32.0,59173245.65,319683432.64
Quite participant pick upon over best get.,2020,2.3,26.5,70316583.09,277725389.8
Action pick we word produce. Story be idea past.,2015,1.8,73.6,77170338.79,261769795.73
Glass cell group drop deal buy.,2005,7.9,42.7,75100142.07,223454985.24
Range interesting create.,2006,6.9,78.1,11187248.89,179573547.8
Ask green series dog month every.,2003,1.2,20.7,40900339.81,375812618.73
Hard science model trouble. Meeting girl kind.,1983,9.2,45.1,15465352.53,43765806.86
Early better his training light free example.,2021,4.0,96.0,44336353.57,325493169.78
Our nice buy let nearly generation cause.,2006,3.0,26.9,95040640.9,349907122.21
Mind forget wall military imagine.,1955,5.5,94.7,54738028.49,446237210.36
Baby water treatment myself news.,2023,9.0,31.9,1163916.49,148603649.37
Black onto book ever.,2011,2.7,77.3,43580850.56,23859491.36
Else area decide onto.,1960,9.6,44.3,50720752.7,180271332.77
Authority close author include.,2014,5.3,82.0,73348318.87,484401991.36
Rest peace level away she resource.,2007,2.1,86.3,11568628.06,310384046.66
Again ground teacher media thus.,1968,7.0,75.8,42234656.1,168708470.69
Very city that moment age.,1984,3.9,52.4,53297320.36,95401118.45
Life push then factor network word practice.,2008,3.7,17.5,21804191.06,203690900.77
Region heart give bed ball maintain.,2012,9.4,93.1,23944888.2,437578363.08
Lead sport nation others.,1996,3.0,24.6,44644903.59,98284880.96
Number model card.,1997,5.6,19.2,82996748.36,173842767.02
It fear task. Affect song my civil hold home.,2001,1.3,69.5,28955330.22,430949841.71
Study toward yet not section deal near.,1961,7.2,94.0,67137615.71,407523413.62
Current kid operation.,1958,9.7,97.0,67141255.45,483063647.41
His bad certainly clearly.,1988,7.0,50.7,14649257.67,446028851.74
Challenge century affect reality.,1998,8.5,59.2,68051938.38,409642337.51
Political act yes wonder.,1976,6.1,19.0,47032784.93,206531576.8
Security strategy meet edge to ok.,1960,8.0,33.6,81029974.33,339055365.64
Lot thus feel though hot structure.,1978,1.9,10.5,35749744.68,211393081.83
Her kitchen difference more case ground loss.,2002,3.4,4.3,25253001.85,286477206.03
Blood reveal let then create pull when.,1959,6.3,69.7,13479097.95,397542933.62
Safe skin now on out.,1977,9.5,60.2,96620039.65,295857477.87
Treat far service place free.,1967,8.3,87.4,66181584.72,297677064.63
Interest especially forward serve author against.,1989,2.5,75.0,64138332.85,193133032.67
Glass fly push live future instead.,1998,3.7,71.2,32791139.94,155611748.49
Radio economy television bar.,2000,1.1,69.8,14975138.11,338460746.61
Floor their population charge. Ready its similar.,2009,2.5,15.9,13948083.59,257262483.53
Stuff return quality.,1996,2.7,66.0,98580988.13,123053939.03
Herself bring training state.,1964,7.0,26.9,22834145.72,241618463.41
Answer these game. Itself plan kitchen less.,1992,5.7,42.1,87915077.33,492770700.82
Act decision design push only.,2004,3.4,77.0,10355953.17,297229145.77
Evening culture lay effort behavior.,1981,9.6,10.8,54272325.12,316986892.77
Card full young. Lead kind major indeed.,1971,7.9,25.7,82855888.34,289302291.92
Employee simple both much then civil.,1968,8.5,69.5,40010621.81,32842691.54
Story message near environment.,1996,2.8,79.7,66638598.75,313565335.59
Hospital more top small hot church book fall.,1993,1.9,12.4,46893136.08,294921820.77
Read manage respond rather though again.,1976,6.7,4.3,88377698.98,230249888.86
Create amount country political represent.,2020,9.7,15.2,36070106.64,237356527.74
Nothing future apply.,1966,4.5,6.1,68513265.82,175498321.19
Appear huge sport final.,1989,2.3,55.4,30682492.04,249798847.15
Social hit spring whom build half.,1994,8.7,54.0,17398848.64,373460407.25
Tv culture stay Republican guess.,1991,2.4,27.0,83702844.97,204475715.58
Run firm its none. Turn grow defense gas kitchen.,1997,5.5,39.7,45075365.01,313455703.9
Off describe group growth wrong not.,2007,6.4,82.1,67787271.16,343341851.76
Service into against class music.,1960,9.1,25.9,79402275.39,187422080.47
Seven police kitchen house upon seat dream.,1953,9.5,54.7,78395801.39,260337507.85
Total weight author safe bill most contain.,2012,8.2,3.5,82287440.15,497744332.03
Sound smile will might or building.,1980,3.5,85.5,49704530.35,50084676.28
Candidate floor worker expert near.,1973,6.6,46.5,6454893.57,29096638.29
Walk girl eight statement.,1959,2.8,42.3,73844909.81,329037975.41
Eat major manager support.,2023,1.6,16.4,69312235.57,325120135.37
All hair win condition.,1953,3.5,40.1,34679701.71,99730062.4
Through floor Democrat head sometimes.,1954,5.2,37.5,14668152.46,200968539.01
Poor leg million.,2001,4.9,27.3,76554912.14,380444493.77
Sense goal guy option physical.,1999,2.6,26.7,10685524.82,320320276.5
Only drive when mother government.,1986,5.7,67.2,5485947.55,481210746.49
Practice decide author laugh who detail power.,2013,9.3,27.3,82207886.42,369720574.17
Set want story court song.,1954,6.3,1.5,37943469.2,60826526.25
Kid morning drive enter late whose job.,1972,1.6,40.6,37207181.27,105988880.28
Important office simple newspaper bar as state.,2003,8.4,23.9,64306453.62,257957860.53
Body deep future report hit.,1955,5.8,52.5,3962989.37,493768740.97
Somebody man Democrat theory always paper.,2016,6.1,36.1,75576148.37,228645211.47
Production hotel someone individual keep include.,1971,5.7,90.0,38222501.7,261033739.29
Less space nor bed song group meeting.,2016,1.1,27.9,52359244.59,243160069.15
Huge center player although half and.,1955,7.2,43.4,37039482.84,22193865.02
Beautiful already nearly tell article term ever.,1967,3.2,52.9,80002642.37,173408132.24
Beautiful training marriage since.,1982,4.2,41.3,7908616.17,118900484.9
Value good social visit of fight.,2011,7.4,75.0,67935453.94,112570156.44
Newspaper cell return page next.,1994,6.9,33.5,16437748.15,437393946.21
Heart sport main population concern.,2016,7.4,32.8,34423883.8,487147054.39
Than later this attack one.,1963,9.9,16.7,87618631.5,135468553.75
Set describe test my treat.,1968,1.9,3.2,62707119.56,77782729.84
Thing various lawyer hotel our society also.,2015,6.0,30.5,49638574.1,76726544.9
See pass certain food wind.,1951,5.7,25.3,91274206.67,298207182.55
Might development response wind.,2022,5.9,38.1,76656178.23,36587224.28
Expect mention kind huge money every.,1971,8.2,56.6,15238512.97,256815118.47
Rise any few card carry green couple.,1986,9.2,9.5,71533712.68,266202738.65
Buy politics look still bad save dream.,1951,5.4,62.9,9070192.74,202474347.0
Early summer help sense even toward.,1986,4.3,90.5,94386618.98,384972737.18
Until page stage write in color.,1995,5.6,63.2,20396402.69,22880854.65
See how force affect sell purpose nor.,2014,3.8,24.1,63918084.06,263966069.01
Father low key school reason.,1968,9.5,8.9,38601347.35,196355674.78
Subject view bed product middle hear impact.,2012,8.0,2.8,96184931.38,488066701.81
West mouth future live no.,1969,2.8,48.1,30668722.87,56017561.66
So all catch within democratic trouble report.,1979,7.1,1.5,60384927.13,378444149.66
Staff expert fund young majority little.,2014,4.3,71.9,70299878.76,68153708.21
Big seat red heavy.,1991,6.0,71.5,57021461.37,388547708.75
Must help event book find.,1979,1.2,71.1,80364147.76,176177123.81
Memory parent behind official listen buy.,1995,9.8,76.5,90231937.77,287782416.71
System seem industry lose from.,2019,7.3,27.5,62939342.65,483108668.24
Admit front feeling various.,1967,9.5,65.2,6102968.24,184992619.65
Special fill remember second.,1972,3.3,96.4,41703709.4,285425385.7
Often dream data help up authority.,2019,5.8,43.2,41841740.17,287519354.63
Material matter worker college.,1974,2.1,84.9,51418118.43,435681374.37
Painting decide yourself if growth from.,1982,3.6,83.2,84893373.13,312440087.83
Least interest family according develop modern.,1977,9.5,6.0,84329878.92,323313094.57
Might blue need necessary piece.,1959,8.5,33.4,46229951.8,292452341.41
Nearly book color order partner.,1990,5.5,61.2,89504000.9,121072483.83
Pressure according perhaps.,2021,8.2,57.4,92346273.45,379193707.15
Management blue so month base in name.,1993,7.9,55.2,9538717.24,208933343.84
Her step herself follow various type.,2018,6.6,77.7,13182114.4,335227108.92
Man me law air kind. Ahead nation reduce officer.,1961,8.2,64.1,57348827.15,494788761.5
Receive think nothing her.,2016,9.0,81.8,97898990.41,181221280.76
World quite month effort several mother.,2017,2.6,54.1,54028901.46,152327578.71
Eye technology into unit record this standard.,1972,5.8,68.0,84180033.89,124412145.6
Need develop man else. Right ready make.,1987,5.5,71.0,72083574.57,471889202.61
Maybe near tend crime.,1973,7.5,8.7,17152142.29,293640029.62
Hair worry free maintain.,2016,7.7,75.3,9453229.73,435498795.02
Hair entire example surface war will window time.,1973,1.8,36.0,2853272.25,159501225.69
Child just sometimes case mouth letter garden.,2020,1.4,27.5,76004502.16,452766408.75
Baby support old you maybe size.,1985,4.0,76.2,5865147.53,204914129.28
Future boy learn husband eye.,2008,3.0,38.9,51353856.84,129543651.1
Vote concern cell seek show budget.,2021,7.9,52.3,4952827.23,488253066.7
Research item material organization sure yeah.,1963,7.4,42.4,52300364.22,339663500.99
Relate among yourself wear form turn adult.,2015,1.7,59.0,63049113.28,446592173.51
Market reality especially. Happen example after.,2010,4.3,89.2,29761385.48,371525960.46
Rule perhaps door up group brother quality thank.,1972,6.9,17.4,76095717.25,334980758.32
Here activity laugh.,1974,7.1,13.4,93522911.18,391316518.92
Money industry single my.,2015,4.9,81.6,19053689.29,64854846.75
Sea young industry reach.,2015,4.0,1.9,99117555.93,190653080.78
Room music produce whose.,1958,6.6,6.0,36920875.38,162299295.02
Police season treat wait discuss growth specific.,2012,3.3,59.4,27826337.38,467876682.98
Eat much people official difficult door other.,1997,7.8,11.2,15233911.62,401406958.02
Authority question various local.,1962,9.0,3.2,86264084.14,431092106.79
Food interview still argue. Local write smile.,1999,3.6,84.3,89575732.06,155017193.03
Mr meeting what.,2012,2.9,69.5,25005235.71,86304748.25
Information lose success early early.,2014,1.9,99.0,63239767.59,65165820.78
Piece write around write.,1977,9.1,99.8,93393071.58,332529528.89
Hundred away arrive worker step claim.,2023,6.2,19.4,41263159.1,147369044.35
She past possible feeling newspaper very.,1962,4.6,54.5,52959978.56,269712298.91
Personal ahead meet civil lose.,1950,1.6,58.3,32625748.69,419533251.05
Consumer include within machine water movement.,1959,5.7,71.2,48614314.27,322683419.81
Recently hope leave black total food player.,1995,7.1,79.1,4757182.36,250853269.25
Agency number sea avoid white media.,1951,1.9,99.3,19885796.45,219415206.25
Office walk certain both too.,2017,4.1,97.4,40654104.78,159650395.26
Contain close somebody.,2021,4.0,68.0,72338852.17,375511730.48
Church step attention run.,1982,6.6,28.3,79283151.53,325494369.23
Sometimes soon south rule eat around yard.,2023,8.7,56.2,78649913.26,320358242.91
Citizen than far article begin line.,1953,2.9,99.7,69795519.61,318923337.95
Bring health probably.,2023,9.6,7.2,24896281.7,139374070.11
Anything black arm voice return prevent.,2004,6.4,82.6,8920249.45,467906662.63
Pretty add choose.,1957,5.5,56.8,89894094.64,148963710.56
Sign speech smile bring population there natural.,1965,9.6,63.8,94456797.68,21983554.23
Just at these scene card themselves but.,2000,3.8,70.5,78842167.73,48564554.1
Certainly affect series always forward.,1971,6.5,20.6,93599300.16,124222715.04
Upon us nothing house ready debate.,2015,7.8,13.1,50247873.41,8634766.79
Bring play stage forget cost western young.,2011,1.4,92.3,31436289.19,391848515.81
Edge near book step front game expect understand.,1993,3.4,87.6,29399172.66,27041225.81
Again everything believe.,1955,6.8,4.9,29073085.26,57935838.3
Begin consider around smile fear me save sort.,1981,5.3,76.3,16543595.31,344561918.99
Than morning maintain eight perhaps.,2008,5.3,37.6,26162317.25,71915841.11
Particularly close relate interview.,2014,7.3,53.5,65971534.46,77018755.06
Paper stage bar general. Son late wife training.,1970,9.3,98.7,85762119.55,129854096.92
Run strategy individual else.,1963,5.7,65.3,54713239.28,202423478.36
Quality physical garden walk.,1951,6.8,75.4,31897273.24,473948983.4
Ten particular position.,1987,2.7,43.2,69683653.46,189922630.26
Wind message yes. Contain difference buy red.,1998,4.5,81.5,76937730.92,474169283.86
Course foot center heavy future teacher project.,1963,5.0,17.0,57751118.39,70562190.4
Professor easy ground stock after call best onto.,2007,8.1,35.7,25650810.07,253608247.37
Successful where sound film long.,1993,3.7,50.0,43840529.24,442052880.14
Hour little surface hold society lot.,2005,9.4,20.3,57894585.42,245497236.38
Area deep bed behind all opportunity some.,1976,9.5,2.9,87071853.98,363304981.68
Scene Mrs who you energy chair moment.,1960,6.0,29.2,41701010.28,186852638.19
Vote cost eye goal tough why.,2001,5.6,16.4,21444267.41,458634228.36
Impact like catch husband.,1967,5.4,16.9,51312663.5,430533150.58
